Akun,Tweet,Lokasi
https://twitter.com/trishtayn,@GanjaranApp @ganjarpranowo Jateng bersyukur nih punya gubernur yg cepat tanggap gini üëçüèªüëçüèª,
https://twitter.com/trishtayn,"@GanjaranApp @ganjarpranowo Pasti seru nih pelajaran yang dapat kesempatan untuk safari pekerjaan pak Gubernur hehe, semoga banyak manfaat yg dipetik",
https://twitter.com/DoesDeep,@ganjarpranowo @jokowi https://t.co/G4OEmfq1E6,
https://twitter.com/januraendraloka,"@theT4ntryS1 @ganjarpranowo Kepala daerah kan banyak, kenapa rang orang minta photonya sama Pak Ganjar ya ? üòâ",
https://twitter.com/Ary_Prasetyo85,"Dari data Dinas Pekerjaan Umum Bina Marga dan Cipta Karya (DPUBMCK) Provinsi Jawa Tengah, sejak 2019 ada total 7349 laporan masuk melalui aplikasi Jalan Cantik.

#sahabatganjar #ganjarpranowo #ganjar https://t.co/phbgrDJWkp",
https://twitter.com/ciputtey,@GanjaranApp @ganjarpranowo Respon pemimpin yang cepat saat ada kendala atau bencana di masyarakat ini sangat dibutuhkan oleh rakyat.,
https://twitter.com/Ary_Prasetyo85,"Aplikasi Jalan Cantik yang diluncurkan Gubernur Jawa Tengah @ganjarpranowo sejak 2019 lalu, terbukti efektif untuk menangani jalan rusak. 

Hingga saat ini sudah ada 3.782 laporan jalan rusak tertangani.

#sahabatganjar #ganjarpranowo #ganjar https://t.co/H7LjOAf3RK",
https://twitter.com/ciputtey,@GanjaranApp @ganjarpranowo Semoga semangat adik adik pelajar ini menjadikan mereka generasi yang berkualitas tinggi nantinya,
https://twitter.com/rismaniq,@GanjaranApp @ganjarpranowo ni bukti usaha pak Ganjar untuk terus melindungi rakyatnya,
https://twitter.com/rismaniq,@GanjaranApp @ganjarpranowo Bagus nih programnya biar gen z juga mulai melek politik üëçüèªüëçüèª,
https://twitter.com/spiritcarrie5on,@puanmaharani_ri Benar2 calon presiden idaman. Saya jelas pilih mbak Puan drpd @ganjarpranowo . Rakyat cinta mba puan! Camkan itu wahai @Miduk17 cc @aspemojkt @_BimbingCBN,
https://twitter.com/roeljogja79,@ch_chotimah2 @ganjarpranowo https://t.co/OBR9f6qO8f,
https://twitter.com/sarrmuth,"@GanjaranApp @ganjarpranowo Keren banget respon cepat dari pak Ganjar ini, bener2 pemimpin panutan",
https://twitter.com/dwialkissy,"@LaporGub_ @AriefRohman_838 @iyant_blanz @dpubmckjateng @bpt_pwd @ganjarpranowo Update perkembangan kemacetan di Ngawen yang terjadi sejak kemarin
Kredit: https://t.co/BiRfptyUXl https://t.co/R7lpXhwFTW","Place(id='814c1511f33fbf26', fullName='Kunduran, Indonesia', name='Kunduran', type='city', country='Indonesia', countryCode='ID')"
https://twitter.com/Candra02947969,@NephiLaxmus @ganjarpranowo Pokoe tol e sing apik...,
https://twitter.com/Ary_Prasetyo85,"Tujuh Sekolah Menengah Kejuruan di Jawa Tengah telah mendapatkan dukungan nyata dari sembilan perusahaan yang tergabung dalam Konsorsium Pengusaha Peduli Sekolah Vokasi RI.

#sahabatganjar #ganjarpranowo #Ganjar https://t.co/aiGNpODrXk",
https://twitter.com/sarrmuth,@GanjaranApp @ganjarpranowo Wah safari pekerjaan ini ngasih banyak pengalaman yaa buat adik adik pelajar üëçüèª,
https://twitter.com/roeljogja79,@CH4__15R banjir pranowo @ganjarpranowo,
https://twitter.com/Ary_Prasetyo85,"Teaching industry yang diimpikan Gubernur Jawa Tengah @ganjarpranowo untuk meningkatkan kualitas sumber daya manusia dan tenaga kerja sesuai kebutuhan industri, perlahan terwujud.
#sahabatganjar #ganjarpranowo #Ganjar https://t.co/bFlGgLOkso",
https://twitter.com/ahmadshrl30,"@GanjaranApp @ganjarpranowo Memang terbaik sih pak Ganjar Pranowo, sangat sigap merespon penyebab banjir di Kudus",
https://twitter.com/sahabatganjarid,"Pendaftaran mulai dibuka pada tanggal 6-15 Maret 2023 dan pelaksanaan Technical Meeting pada 17 Maret 2023.

Untuk kalian yang ingin mendaftar, tinggal mengakses

https://t.co/CzbzvFvyPA

#sahabatganjar #ganjarpranowo #ganjar",
https://twitter.com/DoesDeep,@ganjarpranowo @LaporGub_ https://t.co/q26d9E6GgM,
https://twitter.com/Gilar1990,"@ch_chotimah2 @ganjarpranowo Jalan desa diklaim prestasi gubernur Ganjar juga ? Ngakak gua  ü§£üòÇ Saking miskin'nya prestasi ya .giliran ada yg komplain jalan rusak lempar tanggung jawab ke bupati, walikota,camat,kades üòÇü§£üòÇü§£ anda sehat ? Cenul @ch_chotimah2",
https://twitter.com/SastroJoyo1,"@kominfo_jtg @ganjarpranowo Jalan Nasional Solo-Jogja wilayah Klaten kapan diperbaiki, min? Sama banyak jalan Kabupaten Klaten yang sudah bisa buat ternak lele.",
https://twitter.com/zoroo_my,@GanjaranApp @ganjarpranowo pak ganjar adalah sosok yang sangat tepat bagi bangsa ini,
https://twitter.com/Ary_Prasetyo85,"Hal itu disampaikan pakar kesehatan sekaligus Kepala Riset Kesehatan Universitas Gunadharma, Lestari Octavia,

#sahabatganjar #ganjarpranowo #ganjar https://t.co/TYW1OwP0PB",
https://twitter.com/Ary_Prasetyo85,"Program Jo Kawin Bocah yang digagas Gubernur Jawa Tengah @ganjarpranowo untuk mencegah stunting mendapat apresiasi.

 Program itu dinilai ampuh mengatasi persoalan stunting sejak dini.
#sahabatganjar #ganjarpranowo #ganjar https://t.co/VKKzDz3ZkN",
https://twitter.com/Almudattsir,@rdyardt @himura89517038 @TyoSade35337920 @jar09071983 @ch_chotimah2 @ganjarpranowo üòÄüòÄüòÄüòÄ https://t.co/CVFTAPJDWU,
https://twitter.com/sastra_diaz,@bumnbersatu @mohmahfudmd @jokowi @Dennysiregar7 @ganjarpranowo @aniesbaswedan @prabowo @cakimiNOW @PdiperjuanganP @budimandjatmiko @ch_chotimah2 @LOVE_AG4EVER @detikcom @tribunnews @MARQUEZ__93 Ane sangat setuju bang,
https://twitter.com/tegartegal12,@GanjaranApp @ganjarpranowo pak ganjar adalah sosok pemimpin idaman semua kalangan masyarakat,
https://twitter.com/TeknokratJawa,"Karena Golkar tetap usung Airlangga

#airlanggahartarto #golkarindonesia #ganjarpranowo https://t.co/Mc4zzmcGS8",
https://twitter.com/MIEGETSCOE4N,@fery_dsaputra @NephiLaxmus @ganjarpranowo @karanganyarkab Dekat rumah ane juga parah..pantes kalo tes bikin SIM Harus bikin angka 8 dan kelak kelok biar ga kaget lagi kalo jalanan nya bolong kabeh,
https://twitter.com/Ary_Prasetyo85,"Gubernur Jawa Tengah @ganjarpranowo kembali mengingatkan pentingnya integritas aparatur sipil negara (ASN) dan pejabat publik.

#SahabatGanjar #Ganjar #ganjarpranowo https://t.co/mbyoWRYThk",
https://twitter.com/septhyy_yy,@GanjaranApp @ganjarpranowo sangat bangga memiliki sosok gubernur yang responsif,
https://twitter.com/WangsaPersada,"@ganjarpranowo @LaporGub_ Mampu tidak mengatasi masalah yang timbul, selama ini cuma menambah atau menimbulkan masalah",
https://twitter.com/bpt_pwd,"Hallo #sahabatjalancantik 
Pekerjaan TELFORD ditutup dengan Lapen Sheet 
Balai Pengelolaan Jalan Wilayah Purwodadi.
#JatengLawanCorona
#bersamalawancorona
@ganjarpranowo

@TajYasinMZ

@provjateng

@dprdjatengprov

@humasjateng

@dpubmckjateng https://t.co/xuFEh73cFQ",
https://twitter.com/bpt_pwd,"Hallo #sahabatjalancantik 
Pekerjaan Tambal Lubang dengan COR
Balai Pengelolaan Jalan Wilayah Purwodadi.
#JatengLawanCorona
#bersamalawancorona
@ganjarpranowo

@TajYasinMZ

@provjateng

@dprdjatengprov

@humasjateng

@dpubmckjateng https://t.co/GkD8QqRYsq",
https://twitter.com/EdyJanto007,@ganjarpranowo https://t.co/0y8Hni8s6M,
https://twitter.com/bpt_pwd,"Hallo #sahabatjalancantik 
Pekerjaan Tambal Lubang dengan COR
Balai Pengelolaan Jalan Wilayah Purwodadi.
#JatengLawanCorona
#bersamalawancorona
@ganjarpranowo

@TajYasinMZ

@provjateng

@dprdjatengprov

@humasjateng

@dpubmckjateng https://t.co/tTOTcqLueB",
https://twitter.com/teguhhh_berst,@GanjaranApp @ganjarpranowo responsif sekalii yaa pak ganjar ini terhadap banjir,
https://twitter.com/bpt_pwd,"Hallo #sahabatjalancantik 
Pekerjaan Sudetan di Bahu Jalan 
Balai Pengelolaan Jalan Wilayah Purwodadi.
#JatengLawanCorona
#bersamalawancorona
@ganjarpranowo

@TajYasinMZ

@provjateng

@dprdjatengprov

@humasjateng

@dpubmckjateng https://t.co/6wJ0RRPhSC",
https://twitter.com/theT4ntryS1,"Ternyata Pak @ganjarpranowo  jg mengikuti Rakornas Penanggulangan Bencana 2023.

Pak Ganjar mendorong seluruh kepala daerah utk mengadakan kegiatan latihan tanggap bencana di daerahnya masing¬≤ secara rutin  agar seluruh pihak dpt mengantisipasi &amp; menanggulangi bencana dgn sigap. https://t.co/WVagcCUXGG",
https://twitter.com/bpt_pwd,"Hallo #sahabatjalancantik 
Pekerjaan TELFORD ditutup dengan Lapen Sheet 
Balai Pengelolaan Jalan Wilayah Purwodadi.
#JatengLawanCorona
#bersamalawancorona
@ganjarpranowo

@TajYasinMZ

@provjateng

@dprdjatengprov

@humasjateng

@dpubmckjateng https://t.co/Il5KZqIhkq",
https://twitter.com/bpt_pwd,"Hallo #sahabatjalancantik 
Pekerjaan TELFORD ditutup dengan Lapen Sheet 
Balai Pengelolaan Jalan Wilayah Purwodadi.
#JatengLawanCorona
#bersamalawancorona
@ganjarpranowo

@TajYasinMZ

@provjateng

@dprdjatengprov

@humasjateng

@dpubmckjateng https://t.co/j33joGbL5x",
https://twitter.com/bpt_pwd,"Hallo #sahabatjalancantik 
Pekerjaan TELFORD ditutup dengan Lapen Sheet 
Balai Pengelolaan Jalan Wilayah Purwodadi.
#JatengLawanCorona
#bersamalawancorona
@ganjarpranowo

@TajYasinMZ

@provjateng

@dprdjatengprov

@humasjateng

@dpubmckjateng https://t.co/Ztq2FEuTwH",
https://twitter.com/bpt_pwd,"Hallo #sahabatjalancantik 
Pekerjaan TELFORD ditutup dengan Lapen Sheet 
Balai Pengelolaan Jalan Wilayah Purwodadi.
#JatengLawanCorona
#bersamalawancorona
@ganjarpranowo

@TajYasinMZ

@provjateng

@dprdjatengprov

@humasjateng

@dpubmckjateng https://t.co/k0iKYqbtwJ",
https://twitter.com/bpt_pwd,"Hallo #sahabatjalancantik 
Pekerjaan TELFORD ditutup dengan Lapen Sheet 
Balai Pengelolaan Jalan Wilayah Purwodadi.
#JatengLawanCorona
#bersamalawancorona
@ganjarpranowo

@TajYasinMZ

@provjateng

@dprdjatengprov

@humasjateng

@dpubmckjateng https://t.co/8LHeQygXan",
https://twitter.com/bpt_pwd,"Hallo #sahabatjalancantik 
Pekerjaan TELFORD ditutup dengan Lapen Sheet 
Balai Pengelolaan Jalan Wilayah Purwodadi.
#JatengLawanCorona
#bersamalawancorona
@ganjarpranowo

@TajYasinMZ

@provjateng

@dprdjatengprov

@humasjateng

@dpubmckjateng https://t.co/KPvJ5n6p5C",
https://twitter.com/bpt_pwd,"Hallo #sahabatjalancantik 
Pekerjaan TELFORD ditutup dengan Lapen Sheet 
Balai Pengelolaan Jalan Wilayah Purwodadi.
#JatengLawanCorona
#bersamalawancorona
@ganjarpranowo

@TajYasinMZ

@provjateng

@dprdjatengprov

@humasjateng

@dpubmckjateng https://t.co/zkR9CdeJH5",
https://twitter.com/rizki22em,"@EpoArdiansyah @ganjarpranowo @LaporGub_ Betul sekali,sudah banyak beberapa kasus kecelakaan diantaranya gara gara lubang jalan dan minimnya  penerangan jalan di beberapa jalan kabupaten Brebes masih banyak jalan berlubang dan penerangan jalan","Place(id='0c03f2b6f371003e', fullName='Larangan, Indonesia', name='Larangan', type='city', country='Indonesia', countryCode='ID')"
https://twitter.com/bumiitubundar__,@GanjaranApp @ganjarpranowo sangatt salut dengan kesigapan yang dilakukan oleh pak ganjar,
https://twitter.com/bpt_pwd,"Hallo #sahabatjalancantik 
Pekerjaan TELFORD 
Balai Pengelolaan Jalan Wilayah Purwodadi.
#JatengLawanCorona
#bersamalawancorona
@ganjarpranowo

@TajYasinMZ

@provjateng

@dprdjatengprov

@humasjateng

@dpubmckjateng https://t.co/heZasese0o",
https://twitter.com/mandaaurale,@GanjaranApp @ganjarpranowo bangga banget sih sama Pak Ganjar ini yg terus memberikan yg terbaik untuk kenyamanan masyarakat nya,
https://twitter.com/sopian4721,@GanjaranApp @ganjarpranowo sangat salutt dengan pak ganjar yang selalu bergerak cepat,
https://twitter.com/dimashord,@GanjaranApp @ganjarpranowo Pak Ganjar ini pemimpin yang sangat dibutuhkan masyarakat saat ini dengan kepedulianya insyaallah masyarakat akan sejahtera,
https://twitter.com/trym110,@GanjaranApp @ganjarpranowo Memang selalu berstrategi untuk menangani seperti banjir. Pak ganjar pemimpin peduli,
https://twitter.com/idang6498,@GanjaranApp @ganjarpranowo Sigap menangani bencana seperti banjir. Pak ganjar memang pemimpin peduli,
https://twitter.com/iamnotgood___,@GanjaranApp @ganjarpranowo penyebab banjir kudus dapat diketahui berkat langkah cepat pak ganjar,
https://twitter.com/karmuji_ndes,@GanjaranApp @ganjarpranowo semoga pak Ganjar Pranowo menjadi presiden Indonesia,
https://twitter.com/TohirBambang01,@GanjaranApp @ganjarpranowo kita butuh presiden yg sigap seperti pak Ganjar,
https://twitter.com/aan_muba,"@ganjarpranowo juga akan menghubungi Pangdam IV Diponegoro untuk bantuan tenaga. Sinergi ini dilakukan agar tidak terjadi lagi tanggul jebol.

#GANTARI üá≤üá®

https://t.co/RYymNHKv8i https://t.co/njfeZbmq9P",
https://twitter.com/yudhis__1,@GanjaranApp @ganjarpranowo pak ganjar selalu gercep bangett yaa dalam urusan penanganan banjir,
https://twitter.com/Jokond0,@aan_muba @MarcosLynd @ganjarpranowo üëçüëçüëçüëç,
https://twitter.com/Jaelani_pertama,@GanjaranApp @ganjarpranowo benar2 mengabdi kepada daerah pimpinannya,
https://twitter.com/Ary_Prasetyo85,"Pengecatan Perahu Nelayan dilakukan Sahabat Ganjar di Kabupaten Ogan Komering Ilir, Sumatera Selatan.

#SahabatGanjar #Ganjar #ganjarpranowo https://t.co/ct5aXuB6uW",
https://twitter.com/calvinkv,@GanjaranApp @ganjarpranowo Emang Pak Ganjar Bikin bangga banget dah,
https://twitter.com/NugrohoSanusi,"@GanjaranApp @ganjarpranowo kasian warga Kudus ,untungnya pak Ganjar melakukan aksi cepatt",
https://twitter.com/dinda24946,@GanjaranApp @ganjarpranowo salut banget sih sama kinerja pak Ganjar,
https://twitter.com/cxsjade,@GanjaranApp @ganjarpranowo Keren sih Pak Ganjar langsung melakukan perbaikan tanggul tersebut,
https://twitter.com/vtdiazz,@GanjaranApp @ganjarpranowo Nah mantap nih Pak Ganjar memang selalu merespon cepat,
https://twitter.com/mamat7_6,@GanjaranApp @ganjarpranowo pak ganjar selalu gercep dalam mengatasi masalah,
https://twitter.com/hari_mawon,@ch_chotimah2 @ganjarpranowo Cebong betina tapi Cowok...üê∏üôâü•¥,
https://twitter.com/erranggartv,"@GanjaranApp @ganjarpranowo hebat emang kinerja pak Ganjar ini,semangat terus pak!",
https://twitter.com/xwvendy,@GanjaranApp @ganjarpranowo Pak Ganjar memang selalu merespon cepat jika ada masalah,
https://twitter.com/Ary_Prasetyo85,"Menangkan Total Hadiah senilai 14.500.000, Yuk langsung registrasi di: https://t.co/2vzPntHC0P

#SahabatGanjar #Ganjar #ganjarpranowo https://t.co/aqp1t1EAV1",
https://twitter.com/Ary_Prasetyo85,"Halooo Mahasiswa/i, Turnamen Offline Mobile Legends SAGA Esports hadir di Kota Tangerang Selatan, Banten.

Turnamen Offline Mobile Legends SAGA Esports akan dilaksanakan pada hari Senin 20 Maret 2023. 
#SahabatGanjar #Ganjar #ganjarpranowo https://t.co/6yMpyyG1a6",
https://twitter.com/ferdyy4_,@GanjaranApp @ganjarpranowo pemimpin terbaik dalam mengatasi masalah,
https://twitter.com/zuzu_zulkarnain,@GanjaranApp @ganjarpranowo bangga banget emang punya pemimpin seperti pak Ganjar ini cepat dalam mengatasi,
https://twitter.com/Soumintoo,@GanjaranApp @ganjarpranowo langsung terjun langsung ke masyarakat,
https://twitter.com/FayaAtika,"Dorong penuntasan kemiskinan ekstrem di Jawa Tengah, Ganjar Pranowo siapkan Forum CSR bersama Perusahaan swasta

Ganjar memang tak pernah kehabisan ide utk membuat masyarakat Jateng makmur

#SahabatGanjar #Ganjar #ganjarpranowo https://t.co/PQTthOZjv4",
https://twitter.com/cltarine,@GanjaranApp @ganjarpranowo Pak Ganjar langsung turun tangan membenahi tanggul yang menyebabkan rendahnya pemukiman warga,
https://twitter.com/BajerCekek,@NephiLaxmus @ganjarpranowo Kelas jalan keliatan nya 3c. Bukan untuk kendaraan jenis ini.,
https://twitter.com/Ary_Prasetyo85,"Gubernur Jawa Tengah (Jateng) @ganjarpranowo membentuk tim terpadu untuk menata sektor pertambangan Jateng.

Hal itu diungkapkan Dirkrimsus Polda Jateng Kombes Dwi Subagio saat melakukan gelar perkara soal tambang ilegal dengan awak media.
#SahabatGanjar
https://t.co/FwBEWnW7hy",
https://twitter.com/gracia_tejo,@GanjaranApp @ganjarpranowo pak ganjar emang selalu memperhatikan warganya,
https://twitter.com/nur_andara,"@GanjaranApp @ganjarpranowo emang terbaik pemimpin satu ini,gaheran kenapa beliau dipilih banyak masyarakat",
https://twitter.com/Hanwen98780070,@ch_chotimah2 @ganjarpranowo Kalau jalan2 dibangun gak mungkin jateng terendam banjir se leher. Ngibulnye ketahuan lu nul..nul,
https://twitter.com/tzaynite,@GanjaranApp @ganjarpranowo Sangat bangga terhadap Pak Ganjar yang selalu cepat mengatasi banjir,
https://twitter.com/__RismaWidiono_,"Gubernur @ganjarpranowo mengajak Forum OSIS Jateng, untuk mengikuti Musrenbang, yg akan datang. Dan ingin mendengar langsung aspirasi dan ide dari pelajar, sekaligus memberikan ruang pembelajaran tentang perencanaan pembangunan daerah.

#SahabatGanjar https://t.co/5jlUYwyCG7",
https://twitter.com/arturquois,@GanjaranApp @ganjarpranowo Memang luar biasa si respon cepat Pak Ganjar untuk mengatasi banjir,
https://twitter.com/sjrbergerak,"Kak @erickthohir membanggakan !!!
@jokowi
@ganjarpranowo
@kawankitabangET

https://t.co/1rRGcIf3TI",
https://twitter.com/GpNtt24,"Gubernur Jawa Tengah Ganjar Pranowo gerak cepat untuk menangani tanggul jebol di Kudus.

Ganjar terus menghimbau agar pemda kabupaten hingga provinsi terkait ikut terlibat dan saling bekerja sama dalam mengatasi masalah ini.
#GanjarPranowo https://t.co/Y39qfG08BZ",
https://twitter.com/aan_muba,"Gub Jateng @ganjarpranowo gerak cepat untuk menangani tanggul jebol di Kudus.

Ganjar terus menghimbau agar pemda kabupaten hingga provinsi terkait ikut terlibat dan saling bekerja sama dalam mengatasi masalah ini.

#GANTARI üá≤üá® https://t.co/7Hh26Cgwcp",
https://twitter.com/SDaltanzul,@Jelli_cent @ganjarpranowo Lamanya jam sekolah bukan jaminan,
https://twitter.com/_PabloRoby,@GanjaranApp @ganjarpranowo emang hebat pak Ganjar ini selalu gercep menangani bencana,
https://twitter.com/Ahmad66611340,@ch_chotimah2 @ganjarpranowo https://t.co/PVAAy7skEP,
https://twitter.com/vezakihikaru,"@hisengunbraw @ganjarpranowo btul, ak dah menduga di awal tapi rezeki tidak boleh ditolak üôèüèª",
https://twitter.com/pembualndeso,"@ch_chotimah2 @ganjarpranowo Inget otda otda otda !? üò≥...kenapa kalo banjir, yg disalahkan kepala daerah setempat?. Giliran jalan desa diklaim prestasinya ? üò±",
https://twitter.com/DilanYrt,@ganjarpranowo Insyaallah pak kami siap,
https://twitter.com/bramantyosudon2,@NephiLaxmus @ganjarpranowo tanggung jawab bupati....,
https://twitter.com/FayaAtika,"Program Jo Kawin Bocah yang digagas  Ganjar Pranowo untuk mencegah stunting layak menjadi role model daerah lain

#sahabatganjar #ganjarpranowo #ganjar https://t.co/g9JfQnY0ym",
https://twitter.com/hisengunbraw,@vezakihikaru @ganjarpranowo owh anjay politik,
https://twitter.com/FayaAtika,"Pakar kesehatan sekaligus Kepala Riset Kesehatan Universitas Gunadharma, Lestari Octavia menilai program ""Jo Kawin Bocah"" ampuh mengatasi persoalan stunting sejak dini.

#sahabatganjar #ganjarpranowo #ganjar https://t.co/rUAXuB8as3",
https://twitter.com/vezakihikaru,"@hisengunbraw @ganjarpranowo gatau sie, soalnya tadi dikasih kupon katanya tuker buat dapet makan sama uang",
https://twitter.com/pratomo_adhi,"@GanindutoDico Pak,Jalan rusak kapan di perbaiki? Bagaimana ini pak @ganjarpranowo ?",
https://twitter.com/ArianovitaD,"@kholil0906 @ganjarpranowo @jokowi astaghfirullah, 
2 bulan ngene iki gak surut2 lil?",
https://twitter.com/ahmadshrl30,"@GanjaranApp @ganjarpranowo Hebat memang pak Ganjar Pranowo, mengajak para siswa OSIS se-jateng secara bergantian melakukan safari pekerjaan yang biasa dilakukan oleh beliau.",
https://twitter.com/hisengunbraw,@vezakihikaru @ganjarpranowo dari p gnjr?,
https://twitter.com/vezakihikaru,@hisengunbraw @ganjarpranowo dapet,
https://twitter.com/JatengTV,"(03) Pemilik PT Perorangan menjadi pemeran utama dalam mengatur kebijakan perusahaannya, termasuk dalam hal pengolahan data dan keuangan. #ptperorangan #sange #ciptakerja #indonesia #umkm #ganjarpranowo #prabowo #aniesbaswedan #puanmaharani #pilpres2024 https://t.co/HRqCfZTPEG",
https://twitter.com/JatengTV,"(03) Pemilik PT Perorangan menjadi pemeran utama dalam mengatur kebijakan perusahaannya, termasuk dalam hal pengolahan data dan keuangan. #ptperorangan #sange #ciptakerja #indonesia #umkm #ganjarpranowo #prabowo #aniesbaswedan #puanmaharani #pilpres2024 https://t.co/HRqCfZUnue",
https://twitter.com/calvinkv,@GanjaranApp @ganjarpranowo Semoga dengan ini generasi muda dapat belajar politik,
https://twitter.com/cxsjade,@GanjaranApp @ganjarpranowo Mantap si anak muda emang perlu belajar politik,
https://twitter.com/vtdiazz,@GanjaranApp @ganjarpranowo Wah saya juga tertarik belajar tentang politik bersama Pak Ganjar,
https://twitter.com/LampungGeeh,@Pritta_Blonde @jokowi eh ada Pak @ganjarpranowo ü•∞,
https://twitter.com/hisengunbraw,@vezakihikaru @ganjarpranowo gk dpet sangu tah?,
https://twitter.com/xwvendy,@GanjaranApp @ganjarpranowo Mantap sih jika belajar kepemimpinan bersama dengan Pak Ganjar,
https://twitter.com/kienroberts,@anitaaanugrah @ganjarpranowo Dengan begitu Pak Ganjar diakui bahwa beliau memang sangat berbudaya menjadi pemimpin dan juga cinta budaya,
https://twitter.com/cltarine,@GanjaranApp @ganjarpranowo Wah pasti anak-anak OSIS dapat belajar tentang kepemimpinan bersama dengan Pak Ganjar,
https://twitter.com/juwairiyyahh___,@anitaaanugrah @ganjarpranowo pak ganjar adalah sosok gubernur yang selalu bisa untuk menghadirkan inovasi bagi jateng,
https://twitter.com/kienroberts,@xi157cm @ganjarpranowo Pemimpin yang terus memajukan infrastruktur daerah dan juga sangat menghormati pemerintahan kita seperti Presiden Joko Widodo,
https://twitter.com/tzaynite,@GanjaranApp @ganjarpranowo Keren Pak Ganjar mengajarkan para OSIS tentang kepemimpinan,
https://twitter.com/AkuAtikaFaya,"Data Dinas Pekerjaan Umum Bina Marga dan Cipta Karya (DPUBMCK) Provinsi Jawa Tengah mencatat ada total 7349 laporan masuk melalui aplikasi Jalan Cantik sejak 2019

#sahabatganjar #ganjarpranowo #ganjar https://t.co/CVNzFcuNLM",
https://twitter.com/juwairiyyahh___,@xi157cm @ganjarpranowo adanya tol tersebut nantinya akan bisa untuk mengurangi angka kemacetan,
https://twitter.com/AkuAtikaFaya,"Hingga saat ini sudah ada 3.782 laporan jalan rusak tertangani. Aplikasi Jalan Cantik yg diluncurkan Ganjar Pranowo sejak 2019 lalu, terbukti efektif untuk menangani jalan rusak. 

#sahabatganjar #ganjarpranowo #ganjar https://t.co/tSA2AeUOuE",
https://twitter.com/TracyPedas,"Berkat adanya Kanal ""LaporGub"" yg di inisiasi Pak @ganjarpranowo telah berhasil menyelamatkan WNI yg disekap &amp; dipaksa bekerja oleh perusahaan investasi bodong.
Selain itu dlm satu tahun adanya Kanal LaporGub ini, Pak Ganjar sdh menangani 23 ribu aduan masyarakat Jateng.
#GANTARI https://t.co/d9zYqrzt9j",
https://twitter.com/arturquois,@GanjaranApp @ganjarpranowo Emang Pak Ganjar pantas dijadikan guru untuk belajar menjadi pemimpin masa depan,
https://twitter.com/juwairiyyahh___,@yaellahboy @ganjarpranowo sangatt salut dengan kepemimpinan pak ganjar untuk jatenh sejauh ini,
https://twitter.com/kienroberts,@yaellahboy @ganjarpranowo Berkat dedikasi beliau yang terus memajukan daerah sehingga bisa menjadi penyalur kredit usaha rakyat yang tertinggi di nasional,
https://twitter.com/juwairiyyahh___,@silvia_padila @ganjarpranowo lapak ganjar memang selalu bisa untuk membantu banyak orang,
https://twitter.com/bpt_pwd,"Hallo #sahabatjalancantik 
Pekerjaan Rutin Pemeliharaan Jalan dan Jembatan 
Balai Pengelolaan Jalan Wilayah Purwodadi.
#JatengLawanCorona
#bersamalawancorona
@ganjarpranowo

@TajYasinMZ

@provjateng

@dprdjatengprov

@humasjateng

@dpubmckjateng https://t.co/1VWhj3WIu9",
https://twitter.com/juwairiyyahh___,@nurrohmah___ @ganjarpranowo itu merupakan bukti bahwa pak ganjar sangat memperhatikan kesejahteraan warganya,
https://twitter.com/safitriSD3,"@anitaaanugrah @ganjarpranowo Kehadiran pak Ganjar Pranowo yg paling di tunggu"" nih",
https://twitter.com/kienroberts,@silvia_padila @ganjarpranowo Usaha Pak Ganjar yang terus memajukan UMKM daerah memang sangat patut diapresiasi melalui lapak Ganjar dan sangat membantu masyarakat,
https://twitter.com/juwairiyyahh___,@itsliatrd_ @ganjarpranowo pak ganjar adalah sosok yang selalu memperhatikan kesejahteraan warga desa,
https://twitter.com/safitriSD3,"@xi157cm @ganjarpranowo Kedatangan pak presiden jokowi sudah di tunggu""",
https://twitter.com/BonorejoKyai,"@ganjarpranowo @jokowi Walaahh sdh klelep kebanjiran den pd hal sdh waspada, pie jal ?",
https://twitter.com/juwairiyyahh___,@ayydafryanti @ganjarpranowo itu adalah hal yang menunjukkan bahwa pak ganjar adalah sosok yang selalu menjaga lingkungan,
https://twitter.com/safitriSD3,@yaellahboy @ganjarpranowo Jateng jadi kur tertinggi nih luar biasa berkat pak Ganjar,
https://twitter.com/juwairiyyahh___,@RasSaaaaa @ganjarpranowo itu merupakan sebuah bukti bahwa pak ganjar sangat mencintai kebudayaan,
https://twitter.com/kienroberts,@nurrohmah___ @ganjarpranowo Pemimpin yang seperti ini yang dicari masyarakat selalu membantu masyarakatnya seperti memberikan bantuan dana,
https://twitter.com/safitriSD3,@silvia_padila @ganjarpranowo Alhamdulillah yaa blangkon nya bisa laku keras,
https://twitter.com/safitriSD3,@nurrohmah___ @ganjarpranowo Bantuan dari pak Ganjar Pranowo semoga aja bisa di manfaatkan dgn baik,
https://twitter.com/kienroberts,@itsliatrd_ @ganjarpranowo Sebab beliau pemimpin yang sangat peduli sehingga terus memfokuskan untuk membantu pembangunan desa keren sih Pak Ganjar,
https://twitter.com/safitriSD3,@itsliatrd_ @ganjarpranowo Dengan dana sebesar ini semoga masyarakat bisa sejahtera,
https://twitter.com/tjut_yatie9,@sikodoksakit @ch_chotimah2 @ganjarpranowo üòúüòÖ,
https://twitter.com/bpt_pwd,"Hallo #sahabatjalancantik 
Pekerjaan Rutin Pemeliharaan Jalan dan Jembatan 
Balai Pengelolaan Jalan Wilayah Purwodadi.
#JatengLawanCorona
#bersamalawancorona
@ganjarpranowo

@TajYasinMZ

@provjateng

@dprdjatengprov

@humasjateng

@dpubmckjateng https://t.co/aKDQX7sIEa",
https://twitter.com/bpt_pwd,"Hallo #sahabatjalancantik 
Pekerjaan Rutin Pemeliharaan Jalan dan Jembatan 
Balai Pengelolaan Jalan Wilayah Purwodadi.
#JatengLawanCorona
#bersamalawancorona
@ganjarpranowo

@TajYasinMZ

@provjateng

@dprdjatengprov

@humasjateng

@dpubmckjateng https://t.co/iloxfVeMgP",
https://twitter.com/bpt_pwd,"Hallo #sahabatjalancantik 
Pekerjaan Rutin Pemeliharaan Jalan dan Jembatan 
Balai Pengelolaan Jalan Wilayah Purwodadi.
#JatengLawanCorona
#bersamalawancorona
@ganjarpranowo

@TajYasinMZ

@provjateng

@dprdjatengprov

@humasjateng

@dpubmckjateng https://t.co/q6tMF3ak4V",
https://twitter.com/safitriSD3,"@ayydafryanti @ganjarpranowo Aku sangat setuju bgt sama pak Ganjar Pranowo, aku bangga sama beliau",
https://twitter.com/kienroberts,@ayydafryanti @ganjarpranowo Sangat peduli terhadap masyarakat dan berintegritas serta prediksi untuk mempedulikan lingkungan yang ada dalam masyarakat,
https://twitter.com/safitriSD3,@RasSaaaaa @ganjarpranowo Pak Ganjar Pranowo memfasilitasi kesenian dan kebudayaan nih luar biasa,
https://twitter.com/daniel_riyan,"@ganjarpranowo ndoro,badhe nyuwun tulung, jalan sepanjang depan balai besar guru penggerak  BBGP prov jateng di karanganyar, jatikuwung, rusak parah. Ada yg sudah jadi korban, mohon attensi nya ndoro üôèüèªüôèüèªüôèüèª",
https://twitter.com/AkuAtikaFaya,"Sembilan perusahaan yg tergabung dalam Konsorsium Pengusaha Peduli Sekolah Vokasi RI, memberkan dukungan nyata pada tujuh SMK di Jawa Tengah 

#sahabatganjar #ganjarpranowo #Ganjar https://t.co/FNBpYgAVHp",
https://twitter.com/Mr_FM21,"@NephiLaxmus @ganjarpranowo Mumet mau ngonten rumah sendiri, lebih baik rumah orang lain.. gak perlu ngerawat cukup jalan2 aja üòÇ",
https://twitter.com/AkuAtikaFaya,"Keinginan Ganjar Pranowo ada Teaching industry untuk meningkatkan kualitas SDM dan tenaga kerja sesuai kebutuhan industri, sudah mulai terwujud.

#sahabatganjar #ganjarpranowo #Ganjar https://t.co/dEft2ArvHB",
https://twitter.com/Urrangawak,"Gubernur Jawa Tengah Ganjar Pranowo kembali mengingatkan pentingnya integritas aparatur sipil negara (ASN) dan pejabat publik.

#SahabatGanjar #GanjarPranowo https://t.co/mlDTxmDf7X",
https://twitter.com/kienroberts,@RasSaaaaa @ganjarpranowo Sebab Pak Ganjar memang sangat berbudaya dan juga cinta budaya,
https://twitter.com/Urrangawak,"Gotong royong untuk Negeri

Pengecatan Perahu Nelayan dilakukan Sahabat Ganjar di Kabupaten Ogan Komering Ilir, Sumatera Selatan.

#SahabatGanjar #Ganjar #GanjarPranowo https://t.co/9j2xQIumzy",
https://twitter.com/Ibrahem_alkh,@YonoSuy98140840 @KakekHalal @ganjarpranowo @jatengpedia @Aryprasetyo85 @narkosun01 @Gus_Raharjo ŸáŸÑÿßÿ®ŸÉ Ÿàÿ£ÿ¥ŸÉÿ± ŸÑŸÉ ŸÖÿ™ÿßÿ®ÿπÿ™ŸÉ üåπüåπüåπ,
https://twitter.com/wah_up,@GanjaranApp @ganjarpranowo Bangga tentunya memiliki sosok pemimpin yang ramah dan dekat dengan generasi muda seperti pak Ganjar ini,
https://twitter.com/NanangSulivan,@GanjaranApp @ganjarpranowo Untuk hal ini memang sudah seharusnya deh gen z bisa belajar lebih demi membawa perubahan bagi bangsa ini,
https://twitter.com/Markowsiego_,"@GanjaranApp @ganjarpranowo Hal seperti ini memang penting bgt sih guna kepedulian anak"" muda terhadap politik",
https://twitter.com/StylesBayu,@GanjaranApp @ganjarpranowo Apresiasi tentunya dengan hal yang dilakukan pak Ganjar ini demi kebaikan bangsa ini juga,
https://twitter.com/UjangLanang8,@GanjaranApp @ganjarpranowo Memang sih pak Ganjar ini ramah dan selalu akrab orangnya,
https://twitter.com/WarNaAn72,"@ch_chotimah2 @ganjarpranowo Ada juga yah gubernur yg klaim hasil kerja bawahannya.

Yg cerdas siapa yah ?
Si ganjar senengnya nonton bokep sosmed tik tokan 
Mikir dulu nich",
https://twitter.com/en_jeu_L,"@ThomasSunjaya @ganjarpranowo Hieuhieuheiu,  
Kadrun panik",
https://twitter.com/Nyingmae12,@ch_chotimah2 @ganjarpranowo Banjir gmn banjir...ko g slse2 kasian warga.a...stegment org panik...kerjaan.a cuman nyinyir...tkt kalah.,
https://twitter.com/karanganyarkab,"@blontankpoer @ganjarpranowo Ruas jalan dimaksud adalah ruas jln Colomadu-Ngasem tahun ini ada pemeliharaan berkala dari bidang bina marga, saat ini baru proses persiapan untuk antisipasi dengan curah hujan yg masih tinggi semoga curah hujan segera mereda sehingga segera bisa dilakukan perbaikan.matur suwun.",
https://twitter.com/ferdi6_joe,@bumnbersatu @mohmahfudmd @jokowi @Dennysiregar7 @ganjarpranowo @aniesbaswedan @prabowo @cakimiNOW @PdiperjuanganP @budimandjatmiko @ch_chotimah2 @LOVE_AG4EVER @detikcom @tribunnews @MARQUEZ__93 S7pemilu ditunda agar KPU persiapan dgn baiküëåjgn sampai mudah digugat secara hukum artinya proses di KPU banyak kelemahan,
https://twitter.com/MaghribiMia,@aanmontte @Naz_lira @jalusengklek27 @basuki_btp @ganjarpranowo @BrigitNamida Don't Beat around the bush... Buktiin dong,
https://twitter.com/ibnu_AbdulManan,"@ganjarpranowo Inget yaa pak, dalam lingkungan masjid GA BOLEH BUKA PORNO,GAMBAR AURAT CEWE,GAMBAR CEWE SEKSI,BOHAY,MONTOK,GAK BOLEH YAA.",
https://twitter.com/karanganyarkab,"@Bumi_Intanpari @ESDMJateng @ganjarpranowo @LaporGub_ @KementerianESDM @jokowi Terimakasih atas masukannya dan akan kami perhatikan lebih lanjut dengan koordinasi tindaklanjut aduan bersama tim dari beberapa opd terkait.

Terimakasih üôè",
https://twitter.com/karanganyarkab,"@Bumi_Intanpari @ESDMJateng @ganjarpranowo @LaporGub_ @KementerianESDM @jokowi Dinas Lingkungan Hidup sudah diundang mengikuti raker bersama OPD terkait oleh pelaku usaha guna memberi masukan, dan masukan untuk tetap kelola lingkungan hidup dan masyarakat sekitar berikut memperhatikan perijinannya. (01)",
https://twitter.com/GanjaranApp,"Tak menunggu waktu lama, @ganjarpranowo turun tangan benahi tanggul yang menyebabkan terendamnya pemukiman warga di Kudus.

#ganjaranapp #ganjarkita #ganjarsiap #ganjarpranowo #ganjarhebat #banjir #kudus https://t.co/Mwqpfv7ZRa",
https://twitter.com/sxxgani,@iam_ayek @bengkeldodo @aniesbaswedan @ganjarpranowo @Evello12 @kurawa @4Y4NKZ @NgkongRoses @Bambangmulyonoo @MardaniAliSera @dyahajahdech @ekowboy2 @TalentaAndilau @RagilSemar @BangsaAbah Tp koq @prabowo diam aja...  aktivitas mantan mertuanya hilang dari sejarah üòÄüòÄüòÄ,
https://twitter.com/bintangku206,"@ch_chotimah2 kabar buruknya keturunan PKI seperti anda rasis, anti islam, kafir nyamar jadi muslim dukung @ganjarpranowo https://t.co/BAyNWSS4Mm",
https://twitter.com/MegaWidiasari,"Izin lapor pak, di Jl. Siklepuh Raya, Mejasem Timur, Kab. Tegal. Jalannya parah bgt pak lubangnya, stlh diperbaiki pasti rusak lagi kalo musim hujan karena kanan kiri jalan tdk ada selokan pak. @ganjarpranowo @dpubmckjateng @puprjalanjtgdiy https://t.co/iTVWW7h5ic",
https://twitter.com/Ari3Pras,"Walikota Makassar Mohammad Ramdhan Pomanto sudah lama terlihat begitu mengagumi dan mengidolakan Gubernur Jateng @ganjarpranowo 

Sering bertemu dalam beberapa kesempatan, bahkan beliau sempat berkunjung ke rumah dinas Gubernur Jawa Tengah di Semarang. https://t.co/HAJc7Yl8Ce",
https://twitter.com/yamanMuharam,@jokowi @Kiyai_MarufAmin @Kementrianpert1 @PerekonomianRI @ganjarpranowo keluhan petani tanggung yg menggunakan tenaga manual/manusia di kec dayeuh luhur kab cilacap dengan bapak sarjono rt 1/rw 5 dusun serang desa datar..Mohon perhatikan nya bpk bupati Cilacap dan dinas terkait https://t.co/8glX2b6VHn,
https://twitter.com/DistanbunJateng,"#BazarTarubudaya sukses dilaksanakan pada pagi hingga siang hari ini (Ungaran,03/03/2023). Nantikan kehadirannya kembali bulan depan ya.. Pastinya akan lebih semarak lagi..

#JatengGayeng 
#BersatuJagaPangan
#BeliProdukPetani

@ganjarpranowo 
@SupriyantoMulya 
@provjateng https://t.co/MAz2E2CZxn",
https://twitter.com/aan_muba,@TracyPedas @ganjarpranowo Mantap bener nih Pak ùóöùóÆùóªùó∑ùóÆùóø üëç,
https://twitter.com/mbahbir,"Mohon diperhatikan baginda yang disana
Jalan utama Solo-Purwodadi rusak parah  @KemenPU @sragenkab @ganjarpranowo @gibran_tweet @Jateng_Twit @provjateng 

üìΩÔ∏è Warga Desa Setempat
üìå Depan Balai Desa Kacangan, Sumberlawang, Sragen. https://t.co/ctMJatd9df",
https://twitter.com/rondhelow,Jalan A. Yani    Purwodadi - Semarang.    Mosok Grobogan gak duwe duit nggo nambal  aspal seng do ngelupas pak. @drBambangGrob  @ganjarpranowo https://t.co/injgX3YjrM,"Place(id='fd090aebb3a4757e', fullName='Purwodadi, Indonesia', name='Purwodadi', type='city', country='Indonesia', countryCode='ID')"
https://twitter.com/KiSabdoParon,"@blontankpoer @ganjarpranowo Peeh jalur latihan militer TNI AU, supra tempurku wes lulus",
https://twitter.com/IANgrayak,"@ganjarpranowo Aslamualaikum bpk ganjar, maaf pak knp jalan di brebes banyak yg rusak tpi tdk ada tindakan perbaikan dri dinas terkait y pak ?? Trutqma di jaln2 protokol antar kecamatan,
Kondisi y memprihatinkan , mhon agar bpk bsa mengingatkan pemda brebes üôèüôè maaf pak kalo salah kata dri sy",
https://twitter.com/JatengTV,(04) Pada PT Perorangan seluruh kendala dan resiko kerugian serta keuntungan akan dihadapi dan ditanggung oleh pemilik usaha itu sendiri. #ptperorangan #badanhukum #badanusaha #umkm #ganjarpranowo #prabowo #aniesbaswedan #puanmaharani #pilpres2024 https://t.co/HRqCfZTPEG,
https://twitter.com/ERahmatillah,@bumnbersatu @jokowi @prabowo @hulaihi @ganjarpranowo Sekaliber pemilu disamain kelas seminar. Nikah aja ditunda bisa bikin calon penganten jalannya miring apalagi pemilu... berabe urusannya,
https://twitter.com/xddira1,@GanjaranApp @bellatry10 @ganjarpranowo Mereka penerus bangsa ini dan harus diajari politik yaa Gen z ini,
https://twitter.com/sahabatganjar,"Kegiatan yang diikuti ratusan nelayan dan warga sekitar ini bertujuan untuk memberikan sentuhan warna baru pada perahu nelayan dan juga mengedukasi para nelayan tentang pentingnya merawat perahu agar tetap awet dan tahan lama.

#GanjarPranowo
#SahabatGanjar
#PestaRakyat",
https://twitter.com/bgsbgas,"@ayydafryanti @ganjarpranowo Lingkungan ga kalah penting untuk dijaga juga ya ges ya, mantap nih ketegasan pak Ganjar",
https://twitter.com/bpt_pwd,"Hallo #sahabatjalancantik 
Pekerjaan Rutin Pemeliharaan Jalan dan Jembatan 
Balai Pengelolaan Jalan Wilayah Purwodadi.
#JatengLawanCorona
#bersamalawancorona
@ganjarpranowo

@TajYasinMZ

@provjateng

@dprdjatengprov

@humasjateng

@dpubmckjateng https://t.co/GC2EO3dUoX",
https://twitter.com/hansssolo,@bobby_risakotta @ganjarpranowo @aniesbaswedan Hanya dalam sehari...ü§£ü§£ü§£,
https://twitter.com/bpt_pwd,"Hallo #sahabatjalancantik 
Pekerjaan Rutin Pemeliharaan Jalan dan Jembatan 
Balai Pengelolaan Jalan Wilayah Purwodadi.
#JatengLawanCorona
#bersamalawancorona
@ganjarpranowo

@TajYasinMZ

@provjateng

@dprdjatengprov

@humasjateng

@dpubmckjateng https://t.co/ftfsSagPRr",
https://twitter.com/bpt_pwd,"Hallo #sahabatjalancantik 
Pekerjaan Rutin Pemeliharaan Jalan dan Jembatan 
Balai Pengelolaan Jalan Wilayah Purwodadi.
#JatengLawanCorona
#bersamalawancorona
@ganjarpranowo

@TajYasinMZ

@provjateng

@dprdjatengprov

@humasjateng

@dpubmckjateng https://t.co/6ajrsxE8xa",
https://twitter.com/GaduhPratama,"@ch_chotimah2 @ganjarpranowo Keren emang pak ganjar ,,, kaya sekalia dia ...
Saluuuttt pokokya bisa bangun jalan 10 rb km jalan
Ini bukti valid di lapangan hsl kerja nyata pak ganjar https://t.co/AAFcdg1jFp",
https://twitter.com/ShawnIlham,@GanjaranApp @ganjarpranowo Dengan edukasi ini pastinya bakal banyak pemimpin masa depan yang hebat seperti Pak Ganjar yaa,
https://twitter.com/bgsbgas,"@RasSaaaaa @ganjarpranowo Bener bener dibuktikan kecintaan pak Ganjar pada budaya kita ini, dengan cara bantu melestarikan.",
https://twitter.com/bpt_pwd,"Hallo #sahabatjalancantik 
Pekerjaan Rutin Pemeliharaan Jalan dan Jembatan 
Balai Pengelolaan Jalan Wilayah Purwodadi.
#JatengLawanCorona
#bersamalawancorona
@ganjarpranowo

@TajYasinMZ

@provjateng

@dprdjatengprov

@humasjateng

@dpubmckjateng https://t.co/Ntf5vCxXbj",
https://twitter.com/bpt_pwd,"Hallo #sahabatjalancantik 
Pekerjaan Rutin Pemeliharaan Jalan dan Jembatan 
Balai Pengelolaan Jalan Wilayah Purwodadi.
#JatengLawanCorona
#bersamalawancorona
@ganjarpranowo

@TajYasinMZ

@provjateng

@dprdjatengprov

@humasjateng

@dpubmckjateng https://t.co/C2poR8n3KN",
https://twitter.com/maheswararajen1,"@Jirolup4t @Penempuh_Cahaya @abiakbar77 @AlfatihDhany @03__nakula @AyemingAtie @ganjarpranowo @LokoJoyoTa @marufsirojudin1 @al_fakru @jumintenunik @caturplastik @WagimanDeep212_ @BajerCekek @LenteraBangsaa_ @peniti_meniti Special kanggo bolo dewe 100 ae 
Tapi nek gak mentolo, umpomone mbayar 200 atau 300 yo gak popo panggah tak trimo ü§£ü§£ü§£ü§£ü§£ü§£ü§£ü§£",
https://twitter.com/bpt_pwd,"Hallo #sahabatjalancantik 
Pekerjaan Rutin Pemeliharaan Jalan dan Jembatan 
Balai Pengelolaan Jalan Wilayah Purwodadi.
#JatengLawanCorona
#bersamalawancorona
@ganjarpranowo

@TajYasinMZ

@provjateng

@dprdjatengprov

@humasjateng

@dpubmckjateng https://t.co/mXB4rkcJHs",
https://twitter.com/bpt_pwd,"Hallo #sahabatjalancantik 
Pekerjaan Rutin Pemeliharaan Jalan dan Jembatan 
Balai Pengelolaan Jalan Wilayah Purwodadi.
#JatengLawanCorona
#bersamalawancorona
@ganjarpranowo

@TajYasinMZ

@provjateng

@dprdjatengprov

@humasjateng

@dpubmckjateng https://t.co/DgwjZPozpQ",
https://twitter.com/aksarakeraguan,@Vndp__ @blontankpoer @masjae_ @ganjarpranowo Malah durung tau lewat kono aku mbak,
https://twitter.com/bpt_pwd,"Hallo #sahabatjalancantik 
Pekerjaan Galian Perkerasan
Balai Pengelolaan Jalan Wilayah Purwodadi.
#JatengLawanCorona
#bersamalawancorona
@ganjarpranowo

@TajYasinMZ

@provjateng

@dprdjatengprov

@humasjateng

@dpubmckjateng https://t.co/CWfX79WRwP",
https://twitter.com/bpt_pwd,"Hallo #sahabatjalancantik 
Pekerjaan Rutin Pemeliharaan Jalan dan Jembatan 
Balai Pengelolaan Jalan Wilayah Purwodadi.
#JatengLawanCorona
#bersamalawancorona
@ganjarpranowo

@TajYasinMZ

@provjateng

@dprdjatengprov

@humasjateng

@dpubmckjateng https://t.co/MY7a3xvJa8",
https://twitter.com/LekKacung,Lapor pak @ganjarpranowo https://t.co/N0nwhqFOPy,
https://twitter.com/bpt_pwd,"Hallo #sahabatjalancantik 
Pekerjaan Rutin Pemeliharaan Jalan dan Jembatan 
Balai Pengelolaan Jalan Wilayah Purwodadi.
#JatengLawanCorona
#bersamalawancorona
@ganjarpranowo

@TajYasinMZ

@provjateng

@dprdjatengprov

@humasjateng

@dpubmckjateng https://t.co/1uyhemZywl",
https://twitter.com/bpt_pwd,"Hallo #sahabatjalancantik 
Pekerjaan Rutin Pemeliharaan Jalan dan Jembatan 
Balai Pengelolaan Jalan Wilayah Purwodadi.
#JatengLawanCorona
#bersamalawancorona
@ganjarpranowo

@TajYasinMZ

@provjateng

@dprdjatengprov

@humasjateng

@dpubmckjateng https://t.co/B33JAGKbSa",
https://twitter.com/genjerpranowo,@Stopletkol @m_4r1_oslo @ganjarpranowo Ojo misuh ü§´,
https://twitter.com/Sudarso59,@GanjaranApp @ganjarpranowo Pak Ganjar ini pemimpin yang hebat dan memiliki program program yang hebat salah satunya yaa inii,
https://twitter.com/bpt_pwd,"Hallo #sahabatjalancantik 
Pekerjaan Rutin Pemeliharaan Jalan dan Jembatan 
Balai Pengelolaan Jalan Wilayah Purwodadi.
#JatengLawanCorona
#bersamalawancorona
@ganjarpranowo

@TajYasinMZ

@provjateng

@dprdjatengprov

@humasjateng

@dpubmckjateng https://t.co/4QOgyRGUnv",
https://twitter.com/bpt_pwd,"Hallo #sahabatjalancantik 
Pekerjaan Rutin Pemeliharaan Jalan dan Jembatan 
Balai Pengelolaan Jalan Wilayah Purwodadi.
#JatengLawanCorona
#bersamalawancorona
@ganjarpranowo

@TajYasinMZ

@provjateng

@dprdjatengprov

@humasjateng

@dpubmckjateng https://t.co/4OjhgSeqbV",
https://twitter.com/bpt_pwd,"Hallo #sahabatjalancantik 
Pekerjaan Rutin Pemeliharaan Jalan dan Jembatan 
Balai Pengelolaan Jalan Wilayah Purwodadi.
#JatengLawanCorona
#bersamalawancorona
@ganjarpranowo

@TajYasinMZ

@provjateng

@dprdjatengprov

@humasjateng

@dpubmckjateng https://t.co/DAEKe6qzOT",
https://twitter.com/bpt_pwd,"Hallo #sahabatjalancantik 
Pekerjaan Rutin Pemeliharaan Jalan dan Jembatan 
Balai Pengelolaan Jalan Wilayah Purwodadi.
#JatengLawanCorona
#bersamalawancorona
@ganjarpranowo

@TajYasinMZ

@provjateng

@dprdjatengprov

@humasjateng

@dpubmckjateng https://t.co/ZIBS1ke2CA",
https://twitter.com/bpt_pwd,"Hallo #sahabatjalancantik 
Pekerjaan Rutin Pemeliharaan Jalan dan Jembatan 
Balai Pengelolaan Jalan Wilayah Purwodadi.
#JatengLawanCorona
#bersamalawancorona
@ganjarpranowo

@TajYasinMZ

@provjateng

@dprdjatengprov

@humasjateng

@dpubmckjateng https://t.co/Sb7owPWTIn",
https://twitter.com/bpt_pwd,"Hallo #sahabatjalancantik 
Pekerjaan Rutin Pemeliharaan Jalan dan Jembatan 
Balai Pengelolaan Jalan Wilayah Purwodadi.
#JatengLawanCorona
#bersamalawancorona
@ganjarpranowo

@TajYasinMZ

@provjateng

@dprdjatengprov

@humasjateng

@dpubmckjateng https://t.co/H3fG8Y61qO",
https://twitter.com/bpt_pwd,"Hallo #sahabatjalancantik 
Pekerjaan Rutin Pemeliharaan Jalan dan Jembatan 
Balai Pengelolaan Jalan Wilayah Purwodadi.
#JatengLawanCorona
#bersamalawancorona
@ganjarpranowo

@TajYasinMZ

@provjateng

@dprdjatengprov

@humasjateng

@dpubmckjateng https://t.co/lFglxtnLhp",
https://twitter.com/LekKacung,"Bupati Klaten @YaniSunarno meninjau jalan Wedi - Bayat Klaten banyak jalan lobang. Sering menimbulkan kecelakaan. Sekitar jembatan Wedi sampai pasar tradisional  Wedi ada gorong2 ambles jembatan sudh ditaruh lama drumnya.
@ganjarpranowo 
@perhubunganjtg 
@KemenPU 
@Dprdkabklaten https://t.co/VJylei6Ghw",
https://twitter.com/bpt_pwd,"Hallo #sahabatjalancantik 
Pekerjaan Galian Perkerasan
Balai Pengelolaan Jalan Wilayah Purwodadi.
#JatengLawanCorona
#bersamalawancorona
@ganjarpranowo

@TajYasinMZ

@provjateng

@dprdjatengprov

@humasjateng

@dpubmckjateng https://t.co/s4FhW6PTGZ",
https://twitter.com/bpt_pwd,"Hallo #sahabatjalancantik 
Pekerjaan Rutin Pemeliharaan Jalan dan Jembatan 
Balai Pengelolaan Jalan Wilayah Purwodadi.
#JatengLawanCorona
#bersamalawancorona
@ganjarpranowo

@TajYasinMZ

@provjateng

@dprdjatengprov

@humasjateng

@dpubmckjateng https://t.co/1nGc69Laok",
https://twitter.com/bpt_pwd,"Hallo #sahabatjalancantik 
Pekerjaan Galian Perkerasan
Balai Pengelolaan Jalan Wilayah Purwodadi.
#JatengLawanCorona
#bersamalawancorona
@ganjarpranowo

@TajYasinMZ

@provjateng

@dprdjatengprov

@humasjateng

@dpubmckjateng https://t.co/suukOgjBqJ",
https://twitter.com/bpt_pwd,"Hallo #sahabatjalancantik 
Pekerjaan Rutin Pemeliharaan Jalan dan Jembatan 
Balai Pengelolaan Jalan Wilayah Purwodadi.
#JatengLawanCorona
#bersamalawancorona
@ganjarpranowo

@TajYasinMZ

@provjateng

@dprdjatengprov

@humasjateng

@dpubmckjateng https://t.co/mFj8Bionbc",
https://twitter.com/Jokond0,@ganjarpranowo @jokowi Betul pak gubernur. Jika segala sesuatunya sdh teratur dgn baik maka setidaknya jika sesuatu melanda kita tdk akan kuwalahan.,
https://twitter.com/zahranabrisam,@ganjarpranowo @jokowi Mau tanya Pak...ini bener gk Pak beritanya ??? https://t.co/9LxiI4exik,
https://twitter.com/bpt_pwd,"Hallo #sahabatjalancantik 
Pekerjaan Galian Perkerasan
Balai Pengelolaan Jalan Wilayah Purwodadi.
#JatengLawanCorona
#bersamalawancorona
@ganjarpranowo

@TajYasinMZ

@provjateng

@dprdjatengprov

@humasjateng

@dpubmckjateng https://t.co/3NJtIjufqR",
https://twitter.com/BeeCraftMacrame,@Chynthia_K @ganjarpranowo @Joker_Wedoks @Junz_backup Jar_Ji_Jar_Beh = ganjar siji ganjar kabeh,
https://twitter.com/bpt_pwd,"Hallo #sahabatjalancantik 
Pekerjaan Rutin Pemeliharaan Jalan dan Jembatan 
Balai Pengelolaan Jalan Wilayah Purwodadi.
#JatengLawanCorona
#bersamalawancorona
@ganjarpranowo

@TajYasinMZ

@provjateng

@dprdjatengprov

@humasjateng

@dpubmckjateng https://t.co/MEQbOOoBzm",
https://twitter.com/TracyPedas,"Luar biasa bestiee, Teaching Industry rancangan Pak @ganjarpranowo mulai terwujud lho, dimana rancangan tersebut telah mendapatkan dukungan nyata dari 9 perusahaan yg tergabung dlm Konsorsium Pengusaha Peduli Sekolah Vokasi RI üòç
#GANTARI üá≤üá®
#GantariUntukGanjar https://t.co/R6n9etnKxC",
https://twitter.com/bpt_pwd,"Hallo #sahabatjalancantik 
Pekerjaan Rutin Pemeliharaan Jalan dan Jembatan 
Balai Pengelolaan Jalan Wilayah Purwodadi.
#JatengLawanCorona
#bersamalawancorona
@ganjarpranowo

@TajYasinMZ

@provjateng

@dprdjatengprov

@humasjateng

@dpubmckjateng https://t.co/2wZqMbnhX8",
https://twitter.com/aink2sia2,@ch_chotimah2 @ganjarpranowo Ngeneki kepiye https://t.co/1gaHQWZUD6,
https://twitter.com/barurambat,@BosPurwa @ganjarpranowo ora isin ‚Ä¶ wegah !!!,
https://twitter.com/bpt_pwd,"Hallo #sahabatjalancantik 
Pekerjaan Rutin Pemeliharaan Jalan dan Jembatan 
Balai Pengelolaan Jalan Wilayah Purwodadi.
#JatengLawanCorona
#bersamalawancorona
@ganjarpranowo

@TajYasinMZ

@provjateng

@dprdjatengprov

@humasjateng

@dpubmckjateng https://t.co/I3TR4veXgY",
https://twitter.com/bpt_pwd,"Hallo #sahabatjalancantik 
Pekerjaan Rutin Pemeliharaan Jalan dan Jembatan 
Balai Pengelolaan Jalan Wilayah Purwodadi.
#JatengLawanCorona
#bersamalawancorona
@ganjarpranowo

@TajYasinMZ

@provjateng

@dprdjatengprov

@humasjateng

@dpubmckjateng https://t.co/oVxOVsYSMp",
https://twitter.com/bpt_pwd,"Hallo #sahabatjalancantik 
Pekerjaan Rutin Pemeliharaan Jalan dan Jembatan 
Balai Pengelolaan Jalan Wilayah Purwodadi.
#JatengLawanCorona
#bersamalawancorona
@ganjarpranowo

@TajYasinMZ

@provjateng

@dprdjatengprov

@humasjateng

@dpubmckjateng https://t.co/GWjiV2pW4A",
https://twitter.com/bpt_pwd,"Hallo #sahabatjalancantik 
Pekerjaan Rutin Pemeliharaan Jalan dan Jembatan 
Balai Pengelolaan Jalan Wilayah Purwodadi.
#JatengLawanCorona
#bersamalawancorona
@ganjarpranowo

@TajYasinMZ

@provjateng

@dprdjatengprov

@humasjateng

@dpubmckjateng https://t.co/Gq5735UxbG",
https://twitter.com/bpt_pwd,"Hallo #sahabatjalancantik 
Pekerjaan Tambal Lubang Penetrasi Penutup Sand Sheet 
Balai Pengelolaan Jalan Wilayah Purwodadi.
#JatengLawanCorona
#bersamalawancorona
@ganjarpranowo

@TajYasinMZ

@provjateng

@dprdjatengprov

@humasjateng

@dpubmckjateng https://t.co/PAevAAHLdK",
https://twitter.com/BTRxZaflaabaeVL,@ch_chotimah2 @ganjarpranowo Dari 10.000 Km yg dibangun. Yg kebanjiran berapa Km bang jokodok? https://t.co/ZbZOkxOWrx,
https://twitter.com/bpt_pwd,"Hallo #sahabatjalancantik 
Pekerjaan Rutin Pemeliharaan Jalan dan Jembatan 
Balai Pengelolaan Jalan Wilayah Purwodadi.
#JatengLawanCorona
#bersamalawancorona
@ganjarpranowo

@TajYasinMZ

@provjateng

@dprdjatengprov

@humasjateng

@dpubmckjateng https://t.co/InPgrrA5wi",
https://twitter.com/bpt_pwd,"Hallo #sahabatjalancantik 
Pekerjaan Rutin Pemeliharaan Jalan dan Jembatan 
Balai Pengelolaan Jalan Wilayah Purwodadi.
#JatengLawanCorona
#bersamalawancorona
@ganjarpranowo

@TajYasinMZ

@provjateng

@dprdjatengprov

@humasjateng

@dpubmckjateng https://t.co/JWVE4CAbLV",
https://twitter.com/bpt_pwd,"Hallo #sahabatjalancantik 
Pekerjaan Rutin Pemeliharaan Jalan dan Jembatan 
Balai Pengelolaan Jalan Wilayah Purwodadi.
#JatengLawanCorona
#bersamalawancorona
@ganjarpranowo

@TajYasinMZ

@provjateng

@dprdjatengprov

@humasjateng

@dpubmckjateng https://t.co/hmFne0tnYW",
https://twitter.com/bpt_pwd,"Hallo #sahabatjalancantik 
Pekerjaan Rutin Pemeliharaan Jalan dan Jembatan 
Balai Pengelolaan Jalan Wilayah Purwodadi.
#JatengLawanCorona
#bersamalawancorona
@ganjarpranowo

@TajYasinMZ

@provjateng

@dprdjatengprov

@humasjateng

@dpubmckjateng https://t.co/66A0EcB1xc",
https://twitter.com/bpt_pwd,"Hallo #sahabatjalancantik 
Pekerjaan Rutin Pemeliharaan Jalan dan Jembatan 
Balai Pengelolaan Jalan Wilayah Purwodadi.
#JatengLawanCorona
#bersamalawancorona
@ganjarpranowo

@TajYasinMZ

@provjateng

@dprdjatengprov

@humasjateng

@dpubmckjateng https://t.co/k01jaiuQqd",
https://twitter.com/bpt_pwd,"Hallo #sahabatjalancantik 
Pekerjaan Rutin Pemeliharaan Jalan dan Jembatan 
Balai Pengelolaan Jalan Wilayah Purwodadi.
#JatengLawanCorona
#bersamalawancorona
@ganjarpranowo

@TajYasinMZ

@provjateng

@dprdjatengprov

@humasjateng

@dpubmckjateng https://t.co/3Dld4SebTY",
https://twitter.com/bpt_pwd,"Hallo #sahabatjalancantik 
Pekerjaan Rutin Pemeliharaan Jalan dan Jembatan 
Balai Pengelolaan Jalan Wilayah Purwodadi.
#JatengLawanCorona
#bersamalawancorona
@ganjarpranowo

@TajYasinMZ

@provjateng

@dprdjatengprov

@humasjateng

@dpubmckjateng https://t.co/ySRPg2Wd4v",
https://twitter.com/bpt_pwd,"Hallo #sahabatjalancantik 
Pekerjaan Rutin Pemeliharaan Jalan dan Jembatan 
Balai Pengelolaan Jalan Wilayah Purwodadi.
#JatengLawanCorona
#bersamalawancorona
@ganjarpranowo

@TajYasinMZ

@provjateng

@dprdjatengprov

@humasjateng

@dpubmckjateng https://t.co/YegzvObTMh",
https://twitter.com/bpt_pwd,"Hallo #sahabatjalancantik 
Pekerjaan Rutin Pemeliharaan Jalan dan Jembatan 
Balai Pengelolaan Jalan Wilayah Purwodadi.
#JatengLawanCorona
#bersamalawancorona
@ganjarpranowo

@TajYasinMZ

@provjateng

@dprdjatengprov

@humasjateng

@dpubmckjateng https://t.co/EbRX8NjSiB",
https://twitter.com/DAzp16,@bumnbersatu @jokowi @aniesbaswedan @ch_chotimah2 @Dennysiregar7 @KompasEkonomi @detikcom @prabowo @ganjarpranowo @LOVE_AG4EVER @yunartowijaya @CakTugiman Kadang gemes tp juga merasa terhibur klw Oom ini sudah berdebat.,
https://twitter.com/Rianada7,@ganjarpranowo Eling Den.pemimpin Dzolim pasti hancur dengan Hina.,
https://twitter.com/bpt_pwd,"Hallo #sahabatjalancantik 
Pekerjaan Rutin Pemeliharaan Jalan dan Jembatan 
Balai Pengelolaan Jalan Wilayah Purwodadi.
#JatengLawanCorona
#bersamalawancorona
@ganjarpranowo

@TajYasinMZ

@provjateng

@dprdjatengprov

@humasjateng

@dpubmckjateng https://t.co/4IYyKu0CJO",
https://twitter.com/bpt_pwd,"Hallo #sahabatjalancantik 
Pekerjaan Rutin Pemeliharaan Jalan dan Jembatan 
Balai Pengelolaan Jalan Wilayah Purwodadi.
#JatengLawanCorona
#bersamalawancorona
@ganjarpranowo

@TajYasinMZ

@provjateng

@dprdjatengprov

@humasjateng

@dpubmckjateng https://t.co/5G9spMyoxi",
https://twitter.com/bpt_pwd,"Hallo #sahabatjalancantik 
Pekerjaan Rutin Pemeliharaan Jalan dan Jembatan 
Balai Pengelolaan Jalan Wilayah Purwodadi.
#JatengLawanCorona
#bersamalawancorona
@ganjarpranowo

@TajYasinMZ

@provjateng

@dprdjatengprov

@humasjateng

@dpubmckjateng https://t.co/A2lLzMDbgq",
https://twitter.com/KAPLAK_DENGKLAK,"@dara_darmayu @BangEdiii @prabowo @ganjarpranowo @aniesbaswedan Inyong baik partai, caleg maupun capres ya belum punya pilihan... 
Belajar dari pengalaman yg pernah inyong alami... 
Wait and see...",
https://twitter.com/bpt_pwd,"Hallo #sahabatjalancantik 
Pekerjaan Rutin Pemeliharaan Jalan dan Jembatan 
Balai Pengelolaan Jalan Wilayah Purwodadi.
#JatengLawanCorona
#bersamalawancorona
@ganjarpranowo

@TajYasinMZ

@provjateng

@dprdjatengprov

@humasjateng

@dpubmckjateng https://t.co/0LX4TyOt38",
https://twitter.com/Rianada7,@ganjarpranowo Hampir seluruh Jateng jalanan yg banjirnya sudah surut sperti ini Den .Solo Sragen sudah seminggu lebih banjir blum surut.Pati Kudus sampun 2 bulan Banjir blum surut.KAMI INI PUNYA GUBERNUR APA GA. https://t.co/aqjVQY1Pzc,
https://twitter.com/bpt_pwd,"Hallo #sahabatjalancantik 
Pekerjaan Rutin Pemeliharaan Jalan dan Jembatan 
Balai Pengelolaan Jalan Wilayah Purwodadi.
#JatengLawanCorona
#bersamalawancorona
@ganjarpranowo

@TajYasinMZ

@provjateng

@dprdjatengprov

@humasjateng

@dpubmckjateng https://t.co/8oJRrtRPMh",
https://twitter.com/bpt_pwd,"Hallo #sahabatjalancantik 
Pekerjaan Rutin Pemeliharaan Jalan dan Jembatan 
Balai Pengelolaan Jalan Wilayah Purwodadi.
#JatengLawanCorona
#bersamalawancorona
@ganjarpranowo

@TajYasinMZ

@provjateng

@dprdjatengprov

@humasjateng

@dpubmckjateng https://t.co/0ioC8IHw4l",
https://twitter.com/JosephSumpadnor,"@anitaaanugrah @ganjarpranowo Jawa tengah sudah berubah drastis semenjak kepemimpinan pak Ganjar yang selalu bisa membawa kemajuan """,
https://twitter.com/bpt_pwd,"Hallo #sahabatjalancantik 
Pekerjaan Rutin Pemeliharaan Jalan dan Jembatan 
Balai Pengelolaan Jalan Wilayah Purwodadi.
#JatengLawanCorona
#bersamalawancorona
@ganjarpranowo

@TajYasinMZ

@provjateng

@dprdjatengprov

@humasjateng

@dpubmckjateng https://t.co/zZOmVdraek",
https://twitter.com/bpt_pwd,"Hallo #sahabatjalancantik 
Pekerjaan Rutin Pemeliharaan Jalan dan Jembatan 
Balai Pengelolaan Jalan Wilayah Purwodadi.
#JatengLawanCorona
#bersamalawancorona
@ganjarpranowo

@TajYasinMZ

@provjateng

@dprdjatengprov

@humasjateng

@dpubmckjateng https://t.co/ii7Ag26ZMZ",
https://twitter.com/bpt_pwd,"Hallo #sahabatjalancantik 
Pekerjaan Rutin Pemeliharaan Jalan dan Jembatan 
Balai Pengelolaan Jalan Wilayah Purwodadi.
#JatengLawanCorona
#bersamalawancorona
@ganjarpranowo

@TajYasinMZ

@provjateng

@dprdjatengprov

@humasjateng

@dpubmckjateng https://t.co/CDzBYcS6Ha",
https://twitter.com/JosephSumpadnor,@xi157cm @ganjarpranowo Sosok pemimpin yang diidolakan masyarakat sih kedua tokoh ini,
https://twitter.com/BhuanaBhayu,@BosPurwa @ganjarpranowo Efek keseringan nonton bokep ...,
https://twitter.com/JosephSumpadnor,"@yaellahboy @ganjarpranowo Kagum tentunya dengan sosok pak Ganjar ini, pemimpin yang tegas dan selalu bisa memberikan kontribusi yang terbaik untuk masyarakat",
https://twitter.com/bendot219,@ch_chotimah2 @ganjarpranowo Si mantan melubangi jalan yg sdh ada dan laik dilewati.,
https://twitter.com/JosephSumpadnor,@silvia_padila @ganjarpranowo Pak Ganjar ini memang selalu bisa memberikan sisi positif bagi motivasi masyarakat,
https://twitter.com/JosephSumpadnor,@nurrohmah___ @ganjarpranowo Pak Ganjar ini memang cepat tanggap orang untuk selalu hadir di tengah masyarakat,
https://twitter.com/kinan683,@anitaaanugrah @ganjarpranowo semoga Pak Ganjar Pranowo bisa menjadi Presiden RI,
https://twitter.com/anxgatte,@anitaaanugrah @ganjarpranowo Pak ganjar memang sangat hebat ya membahas inovasi,
https://twitter.com/JosephSumpadnor,@itsliatrd_ @ganjarpranowo Pak Ganjar ini memang cepat tanggap orang untuk selalu hadir di tengah masyarakat,
https://twitter.com/kinan683,@xi157cm @ganjarpranowo mantap dua sosok pemimpin hebat,
https://twitter.com/JosephSumpadnor,@RasSaaaaa @ganjarpranowo Memang deh bentuk kepedulian dalam menjaga dan merawat kesenian inj,
https://twitter.com/bpt_pwd,"Hallo #sahabatjalancantik 
Pekerjaan Rutin Pemeliharaan Jalan dan Jembatan 
Balai Pengelolaan Jalan Wilayah Purwodadi.
#JatengLawanCorona
#bersamalawancorona
@ganjarpranowo

@TajYasinMZ

@provjateng

@dprdjatengprov

@humasjateng

@dpubmckjateng https://t.co/9V2duMOhOY",
https://twitter.com/kinan683,@yaellahboy @ganjarpranowo Jateng terus berkembang di tangan Pak Ganjar Pranowo,
https://twitter.com/bpt_pwd,"Hallo #sahabatjalancantik 
Pekerjaan Rutin Pemeliharaan Jalan dan Jembatan 
Balai Pengelolaan Jalan Wilayah Purwodadi.
#JatengLawanCorona
#bersamalawancorona
@ganjarpranowo

@TajYasinMZ

@provjateng

@dprdjatengprov

@humasjateng

@dpubmckjateng https://t.co/m7F1fMWAgJ",
https://twitter.com/bpt_pwd,"Hallo #sahabatjalancantik 
Pekerjaan Rutin Pemeliharaan Jalan dan Jembatan 
Balai Pengelolaan Jalan Wilayah Purwodadi.
#JatengLawanCorona
#bersamalawancorona
@ganjarpranowo

@TajYasinMZ

@provjateng

@dprdjatengprov

@humasjateng

@dpubmckjateng https://t.co/kVUXA2g8Io",
https://twitter.com/bpt_pwd,"Hallo #sahabatjalancantik 
Pekerjaan Rutin Pemeliharaan Jalan dan Jembatan 
Balai Pengelolaan Jalan Wilayah Purwodadi.
#JatengLawanCorona
#bersamalawancorona
@ganjarpranowo

@TajYasinMZ

@provjateng

@dprdjatengprov

@humasjateng

@dpubmckjateng https://t.co/WSvdgyHBzF",
https://twitter.com/kinan683,@silvia_padila @ganjarpranowo Program dari Pak Ganjar ini memang sangat banyak membantu masyarakat,
https://twitter.com/bpt_pwd,"Hallo #sahabatjalancantik 
Pekerjaan Sudetan Bahu Jalan
Balai Pengelolaan Jalan Wilayah Purwodadi.
#JatengLawanCorona
#bersamalawancorona
@ganjarpranowo

@TajYasinMZ

@provjateng

@dprdjatengprov

@humasjateng

@dpubmckjateng https://t.co/KzHI01ybc0",
https://twitter.com/kinan683,@nurrohmah___ @ganjarpranowo mantap Pak Ganjar ini terus berusaha menggenjot ekonomi Jateng,
https://twitter.com/kinan683,@itsliatrd_ @ganjarpranowo Pak Ganjar sosok pemimpin paling cocok untuk memimpin Indonesia,
https://twitter.com/bpt_pwd,"Hallo #sahabatjalancantik 
Pekerjaan Rutin Pemeliharaan Gorong-gorong
Balai Pengelolaan Jalan Wilayah Purwodadi.
#JatengLawanCorona
#bersamalawancorona
@ganjarpranowo

@TajYasinMZ

@provjateng

@dprdjatengprov

@humasjateng

@dpubmckjateng https://t.co/aGTVkJpc6w",
https://twitter.com/bpt_pwd,"Hallo #sahabatjalancantik 
Pekerjaan Rutin Pemeliharaan Gorong-gorong
Balai Pengelolaan Jalan Wilayah Purwodadi.
#JatengLawanCorona
#bersamalawancorona
@ganjarpranowo

@TajYasinMZ

@provjateng

@dprdjatengprov

@humasjateng

@dpubmckjateng https://t.co/2hxgnvwhvD",
https://twitter.com/bpt_pwd,"Hallo #sahabatjalancantik 
Pekerjaan Rutin Pemeliharaan Gorong-gorong
Balai Pengelolaan Jalan Wilayah Purwodadi.
#JatengLawanCorona
#bersamalawancorona
@ganjarpranowo

@TajYasinMZ

@provjateng

@dprdjatengprov

@humasjateng

@dpubmckjateng https://t.co/baFfXsxMRm",
https://twitter.com/sahabatganjarid,"Sosialisasi Pencegahan Pergaulan Bebas pada Remaja digelar Sahabat Ganjar bersama generasi muda di Kabupaten Bogor, Jawa Barat.

#SahabatGanjar #Ganjar #ganjarpranowo https://t.co/oCMrCPCZ7v",
https://twitter.com/kinan683,@ayydafryanti @ganjarpranowo mantap upaya Pak Ganjar dalam mengahadapi banjir ini keren banget,
https://twitter.com/bpt_pwd,"Hallo #sahabatjalancantik 
Pekerjaan Rutin Pemeliharaan Gorong-gorong
Balai Pengelolaan Jalan Wilayah Purwodadi.
#JatengLawanCorona
#bersamalawancorona
@ganjarpranowo

@TajYasinMZ

@provjateng

@dprdjatengprov

@humasjateng

@dpubmckjateng https://t.co/O1z7KOrXRK",
https://twitter.com/bpt_pwd,"Hallo #sahabatjalancantik 
Pekerjaan Rutin Pemeliharaan Gorong-gorong
Balai Pengelolaan Jalan Wilayah Purwodadi.
#JatengLawanCorona
#bersamalawancorona
@ganjarpranowo

@TajYasinMZ

@provjateng

@dprdjatengprov

@humasjateng

@dpubmckjateng https://t.co/aY96bqiZvP",
https://twitter.com/anxgatte,@xi157cm @ganjarpranowo Luar biasa pertemuan dua sosok yang sangat inspiratif ini,
https://twitter.com/aceng99751997,@ch_chotimah2 @ganjarpranowo https://t.co/2nL7KuKCLq,
https://twitter.com/bpt_pwd,"Hallo #sahabatjalancantik 
Pekerjaan Rutin Pemeliharaan Gorong-gorong
Balai Pengelolaan Jalan Wilayah Purwodadi.
#JatengLawanCorona
#bersamalawancorona
@ganjarpranowo

@TajYasinMZ

@provjateng

@dprdjatengprov

@humasjateng

@dpubmckjateng https://t.co/b8t1f6gL8X",
https://twitter.com/kinan683,@RasSaaaaa @ganjarpranowo mantap upaya Pak Ganjar dalam menjaga warisan budaya ini,
https://twitter.com/BajerCekek,@Penempuh_Cahaya @Jirolup4t @maheswararajen1 @abiakbar77 @AlfatihDhany @03__nakula @AyemingAtie @ganjarpranowo @LokoJoyoTa @marufsirojudin1 @al_fakru @jumintenunik @caturplastik @WagimanDeep212_ @LenteraBangsaa_ @peniti_meniti Bismillah,
https://twitter.com/MuradRagil,"@GanjaranApp @ganjarpranowo Salut dan bangga dengan Pak Ganjar yang selalu bisa memberikan banyak ilmu kepada para siswa OSIS di Jateng, kedekatan Pak Ganjar dengan para siswa memang sangat tidak bersekat dan begitu dekat",
https://twitter.com/anxgatte,@yaellahboy @ganjarpranowo Keren sih jawa tengah makin maju aja nih berkat pak ganjar,
https://twitter.com/oposisiside,"@PutraErlangga95 @ganjarpranowo Kalo kata buzzerp ini mah tanggung jawab bupati, ga boleh ditarik tarik ke gub",
https://twitter.com/Hotklamp,@Miduk17 Progres penanganan macet Pantura khususnya Pati - Rembang apa y mas @ganjarpranowo n @Miduk17,
https://twitter.com/anxgatte,@silvia_padila @ganjarpranowo Hebat sih pak ganjar terus membantu umkm rakyat,
https://twitter.com/Penempuh_Cahaya,@Jirolup4t @maheswararajen1 @abiakbar77 @AlfatihDhany @03__nakula @AyemingAtie @ganjarpranowo @LokoJoyoTa @marufsirojudin1 @al_fakru @jumintenunik @caturplastik @WagimanDeep212_ @BajerCekek @LenteraBangsaa_ @peniti_meniti Dibayar cukup dengan Bismillah,
https://twitter.com/anxgatte,@nurrohmah___ @ganjarpranowo Luar biasa pak ganjar menggenjot perekonomian warga pasxa covid-19,
https://twitter.com/Farahambar1,"@GanjaranApp @ganjarpranowo Kami terus bangga dengan cara pendekatan Pak Ganjar kepada para siswa di Jateng, semoga nantinya para siswa mendapatkan banyak ilmu bermanfaat tentang bagaimana cara membangun negeri ini seperti Pak Ganjar. Siapa tau nanti ada dari salah satu siswa di Jateng menjadi pemimpin",
https://twitter.com/hari_bdl,"@ganjarpranowo @jokowi Jawa Tengah ini makin ke sini kok makin ke sana. Daerahnya lagi diterpa bencana banjir, jalan rusak, macet, gubernurnya malah kelayapan ke mana mana.",
https://twitter.com/anxgatte,@itsliatrd_ @ganjarpranowo Pak ganjar terus mengupayakan untuk pembangunan desa,
https://twitter.com/alya3231,"Slah satu peserta Siap mendukung Bapak @ganjarpranowo sebagai presiden berikutnya berdampingan dengan Bapak @Dr_Moeldoko sebagai Wapres.

#MoeldokoPenjagaNKRI

https://t.co/ILU15tWOvp",
https://twitter.com/anxgatte,@ayydafryanti @ganjarpranowo Mantap pak ganjar terus mengupayakan pencegahan banjir,
https://twitter.com/DannyAdi2,"@nurrohmah___ @ganjarpranowo Selalu berkarya untuk memajukan bangsa ,,sehat selalu ya pak Ganjar Pranowo ,aku pendukung mu",
https://twitter.com/SurmanNurlily,"@ganjarpranowo @LaporGub_ Stoopp tipu-tipu, banjir, banjir, banjirr !!!....",
https://twitter.com/chikajesss__,@GanjaranApp @ganjarpranowo Keren banget emang Pak Ganjar yang bisa menjadi pemimpin idaman masyarakat sekaligus Generasi Z yang sangat bangga dengan gaya kepemimpinan Pak Ganjar khususnya saat berpolitik. Inilah yang para siswa ingin dapatkan dari kepemimpinan Pak Ganjar selama ini di Jateng,
https://twitter.com/anxgatte,@RasSaaaaa @ganjarpranowo Keren sih pak ganjar terus mengupayakan untuk menjaga warisan kebudayaan dan kesenian,
https://twitter.com/Djumjum1,"@ganjarpranowo @jokowi Dan yg komen ke bpk jos,,,,,semuaüëçüëçüëåüëå
Benahi dulu yg banjir""di jateng,ojo kebanyakan selpa selpiüòÅüòÖüòÖ",
https://twitter.com/dasaagustus88,"@KopiUlubelu Terimakasih 
ü§≤üòáüôè 
@ganjarpranowo 
@erickthohir 
2024 - 2034",
https://twitter.com/vezakihikaru,"alhamdulillah salah satu wishlist ku udah berkurang 1, makasih pak sudah datang ke smasa walau saya bukan murid sana. terima kasih yh, ily bapak sehat sehat yhhh biar bisa main ke kudus lagi  @ganjarpranowo üòªü´∂üèªü§ç https://t.co/n6XV9psQnT",
https://twitter.com/TracyPedas,"Bahkan upaya Pak @ganjarpranowo dlm menurunkan kemiskinan di Jateng dipuji Pengamat politik Lucius Karus, sbgai Gubernur Pak Ganjar menunjukkan kualitas kepemimpinannya &amp; memilih memfokuskan kebijakan pada kelompok masyarakat rentan sperti disabilitas perempuan &amp; anak
#GANTARI üá≤üá® https://t.co/P27nPfeMFR",
https://twitter.com/agungdwihan,@wiwikherma @ganjarpranowo Ssssttt....,
https://twitter.com/danendra___,"nyuwun tulung pak @ganjarpranowo banjirnya di atasi, ngangelke tiang nyambut damel, nopo ngeten mawon, warga undaan kudus jenengan tumbaske crf sedoyo heheüòÅ‚úå https://t.co/uyDe6MpUpU",
https://twitter.com/jindanmisc,@inisitacaa @MaxAdriannn berarti @pandji @ganjarpranowo dan fans emyu lainnya udh pasti bego? mau tau orang yg ngatain bego udh jadi apa sekarang. paling ya mba mba twitter biasa,
https://twitter.com/irdzi2905,"@Yurissa_Samosir @ZUL_Hasan @ganjarpranowo Pura pura gk tau atau emang goblok, politik identitas kan kebanggaan kalian, kalau anis gk  makai politik identitas mana ada yg milih dia",
https://twitter.com/Seppengaro,@santy_novi_bwin @KemenPU @pn7l7h @provjateng @ganjarpranowo @ganjarpranowo ayoo pak,
https://twitter.com/Jirolup4t,@Penempuh_Cahaya @maheswararajen1 @abiakbar77 @AlfatihDhany @03__nakula @AyemingAtie @ganjarpranowo @LokoJoyoTa @marufsirojudin1 @al_fakru @jumintenunik @caturplastik @WagimanDeep212_ @BajerCekek @LenteraBangsaa_ @peniti_meniti pironan ngunu iku,
https://twitter.com/DilanYrt,"@ganjarpranowo @jokowi Semoga Kami masyarakat Indonesia sadar terhadap bencana

#bumikusedangtidakbaikbaiksaja",
https://twitter.com/sahabatganjar,"Gubernur Jawa Tengah Ganjar Pranowo berencana menyiapkan forum Corporate Social Responsibility (CSR) bersama perusahaan swasta. Forum CSR tersebut disiapkan untuk mendorong penuntasan kemiskinan ekstrem di Jateng.

#SahabatGanjar #Ganjar #ganjarpranowo https://t.co/miXUDgEfkT",
https://twitter.com/Ontosen1976,"@Ary_Prasetyo85 @chuck_look @ganjarpranowo bokepnya libur dulu 
üòÄüòÄüòÄ",
https://twitter.com/Penempuh_Cahaya,"Di Sponsori 
@maheswararajen1 
Open Custom Ladhing 
@abiakbar77 
@AlfatihDhany 
@03__nakula 
@AyemingAtie 
@ganjarpranowo 
@LokoJoyoTa 
@marufsirojudin1 
@Jirolup4t 
@al_fakru 
@jumintenunik 
@caturplastik 
@WagimanDeep212_ 
@BajerCekek 
@LenteraBangsaa_
@peniti_meniti https://t.co/09bWraqf7h",
https://twitter.com/wathon_aminul,"Tanggul yg dibangun rata2 rapuh, sama saja menampung volume lautan yg tdk terbatas, apalagi tertekan dr arah laut, wajar jebol om @jokowi @Kiyai_MarufAmin @ganjarpranowo 

Hal yg logis, naikkan muka tanah",
https://twitter.com/sahabatganjar,"Gubernur Jawa Tengah Ganjar Pranowo kembali mengingatkan pentingnya integritas aparatur sipil negara (ASN) dan pejabat publik.

#SahabatGanjar #Ganjar #ganjarpranowo https://t.co/ZcY9xvmQ8f",
https://twitter.com/Jaka_Masa,"@xi157cm @ganjarpranowo dua sosok pemimpin hebat,semoga aja pak Ganjar jadi penerus nya pak Jokowi ya",
https://twitter.com/AnisaNurfalah9,@PagiPerindu @ganjarpranowo Ntaps~!,
https://twitter.com/Jaka_Masa,"@yaellahboy @ganjarpranowo hebat memang, pantas banget jadi presiden selanjutnya",
https://twitter.com/Jaka_Masa,"@silvia_padila @ganjarpranowo program pak Ganjar emang  luar biasa , sampai bisa membantu masyarakat nya",
https://twitter.com/Jaka_Masa,@nurrohmah___ @ganjarpranowo emang pemimpin dengan sifat kepedulian yang tinggi pak Ganjar ini,
https://twitter.com/nafikulla,"@ganjarpranowo @jokowi nnti kalo ke juwana jangan muter2 pak, banjir sana sini",
https://twitter.com/Jaka_Masa,@itsliatrd_ @ganjarpranowo pak ganjar emang pemimpin yang selalu membantu masyarakat nya,
https://twitter.com/Jaka_Masa,@ayydafryanti @ganjarpranowo pak Ganjar emang selalu terdepan dalam menanggapi banjir ini sih,
https://twitter.com/Jaka_Masa,@RasSaaaaa @ganjarpranowo pak Ganjar emang selalu mensupport kita untuk lebih bisa menjaga budaya yaa,
https://twitter.com/aceng99751997,"@ganjarpranowo ga usah mikirin pembangunan pasca bencana...
Pembangunan yg sudah di rencana z dulu kerjakan bos...
Koq mikir sing adoh ...
Jalane akeh sing rusak wi lohhh",
https://twitter.com/ArdiHendardi,"Monggo Pak @ganjarpranowo nek menawi wonten wekdal singgah teng SMK PGRI 2 KUDUS 
Alun2 kudus belok kanan arah ke Pati sampai pertigaan Sumber Bulusan belok kanan sampai dah...

Kulo tenggo ngajeng INDOMART SUMBER nggih...",
https://twitter.com/Suharto91638148,@NephiLaxmus @ganjarpranowo Ini jalan kala pak Anies jadi gubernur DKI ato pak Ganjar di Jawa tengah..mana busserrp kok nggak nongol..,
https://twitter.com/Vndp__,@aksarakeraguan @blontankpoer @masjae_ @ganjarpranowo tk kiro jatikuwung jatipuroüò≠üò≠,
https://twitter.com/AnakMasKu,@formassipusat @ganjarpranowo üëçüëçüëçFormassi,
https://twitter.com/Jelli_cent,"Ternyata
Pengaduan khusus u/ jalan udh ada loh #sahabatganjar
(Meski ada yg masuk ke LaporGub jg tuh)

Aplikasi Jalan Cantik - udh diluncurkan Gubernur Jateng #GanjarPranowo 2019 &amp; terbukti efektif menangani jalan rusak.
Hg saat ini sdh ada 3.782 laporan jalan rusak tertangani.üëç https://t.co/l0dx76mhke",
https://twitter.com/Ganjar_is_me2,@Jelli_cent @ganjarpranowo ini baru beneran karya,
https://twitter.com/Ganjar_is_me2,@aan_muba @ganjarpranowo ü§üü§üü§ü,
https://twitter.com/agung2417,"@blontankpoer @ganjarpranowo Nggih, mergi mriku mboten nate sae",
https://twitter.com/AgungTaqiyya,@ganjarpranowo Ayo di buat pengajian untuk ibu ibu pak.. . Undang bu mega ya,
https://twitter.com/bayoubeka,@dasaagustus88 @KopiUlubelu @ganjarpranowo @aniesbaswedan Jawabannya ga ada humor2nya,
https://twitter.com/jodhikromo,@Chynthia_K @Joker_Wedoks @ganjarpranowo @ch_chotimah2 #PrestasiGanjar,
https://twitter.com/formassipusat,"FORMASSI GOWES

#formassi 
#formassigowes 
#formassiforganjar 
#formassisehat 

@ganjarpranowo https://t.co/MS0jLmcMlV",
https://twitter.com/aceng99751997,@NephiLaxmus @ganjarpranowo kasihan wilayah nya terbengkalai sibuk tiktokan gubernur nya...,
https://twitter.com/MelayuS8,@PutraErlangga95 @ganjarpranowo Gubernurnya #BanjirPranowo,
https://twitter.com/amiludin_4,@GanjaranApp @bellatry10 @ganjarpranowo Semoga dengan langkah ini bisa membuat mereka jadi pemimpin hebat yaa,
https://twitter.com/GanjaranApp,"Apresiasi tinggi untuk generasi muda yang proaktif dalam meningkatkan pemahaman tentang Islam, dengan sikap terbuka dan penerima terhadap perbedaan. 

Klik https://t.co/EGLJ6Wn4OE untuk informasi lainya

#ganjarpranowo #ganjarsiap #ganjaranapp #ganjarkita #jateng #capres2024 https://t.co/lI0mnWe3Ck",
https://twitter.com/pinterpolitik,"Kenapa nama Sandi meredup dan akhirnya membuat nama Erick lebih bersinar menjadi pasangan Ganjar?

https://t.co/2I6KiZKjyt

#ganjarpranowo #sandiagauno #duet #wacana #pilpres2024 #erickthohir #pinterpolitik #politikindonesia #beritapolitik #beritapolitikterkini",
https://twitter.com/SrikandiJabar,#srikandidukungganjar #ganjarforpresident2024 #ganjarpranowoforpresident2024 #gardaperempuanmilenial #perempuanmilenialdukungganjar #ganjarpranowo #srikandiganjarjabar https://t.co/Bju5zUmTUp,
https://twitter.com/SrikandiJabar,#srikandidukungganjar #ganjarforpresident2024 #ganjarpranowoforpresident2024 #gardaperempuanmilenial #perempuanmilenialdukungganjar #ganjarpranowo #srikandiganjarjabar https://t.co/nHdimp5MbM,
https://twitter.com/SrikandiJabar,#srikandidukungganjar #ganjarforpresident2024 #ganjarpranowoforpresident2024 #gardaperempuanmilenial #perempuanmilenialdukungganjar #ganjarpranowo #srikandiganjarjabar https://t.co/KgK3PN6zZs,
https://twitter.com/fajaronline,"Tanggul Sungai Dawe Kudus¬†Kembali Jebol, Ganjar Lakukan Hal Ini‚Ä¶ https://t.co/w5tufMUymJ #GanjarPranowo #Kudus #SungaiDawe",
https://twitter.com/nuraini_selvy,@ganjarpranowo @LaporGub_ Njay,
https://twitter.com/CambodiaDuta,@dephylla @ganjarpranowo Aku padamu bu carik,
https://twitter.com/entertaint1999,@ganjarpranowo S,
https://twitter.com/bellatry10,@GanjaranApp @ganjarpranowo Keren sih program Pak Ganjar ini sangat mengedukasi,
https://twitter.com/GanjargoRI1,@ganjarpranowo Yoii,
https://twitter.com/exs_26,Lapangan minisoccer di bangun habis miliyaran sudah jadi kok dibiarkan terbengkalai ??  @sapambakita @ganjarpranowo  @hendrarprihadi https://t.co/zRZW2tb9F3,"Place(id='2432eb3a987082a2', fullName='Semarang Utara 1, Indonesia', name='Semarang Utara 1', type='city', country='Indonesia', countryCode='ID')"
https://twitter.com/Paseban_99,@ganjarpranowo Ndobolmu Banjiri Rakyat mulu... https://t.co/BrZ7K8hII8,
https://twitter.com/spv_rehabbener,"Rehabilitasi Jalan Bener-Maron-Purworejo (BPJ Wil. Magelang)

""Pekerjaan Ac-BcL""

@ganjarpranowo @dpubmckjateng
#jalancantik #supervisijateng2023 #JatengGayeng https://t.co/UPaMRb5Vjh",
https://twitter.com/DavidSutarno2,@PeakyGunners @gayengco @ganjarpranowo @jokowi Lagi ada perbaikan juga ya,
https://twitter.com/SusiEliaNovita1,@ArdhaniFariz @ch_chotimah2 @ganjarpranowo Pak tolong bantu follback dong üôè‚ò∫,
https://twitter.com/Pijeeone,@ganjarpranowo Ni keder PedihP tanggap bencana banjir dg beli jeep https://t.co/e33B02CwxK,
https://twitter.com/Opiksuka,@ibilswidodo @ganjarpranowo @jokowi Pepet terus lur,
https://twitter.com/Aprillia_MAN,"@rdyardt @TyoSade35337920 @jar09071983 @ch_chotimah2 @ganjarpranowo MAKJLEB...
PANTAS AJA merka G SUKA PARA ULAMA DAN SERING HINA YG TAAT AGAMA..RATA2 PENDUKUNG GANJAR ITU...BANCI..BOKEPERS..TERMASUK ITU SI CHUSNUL KONTOLLLL",
https://twitter.com/IDSahabatGanjar,"Kalau kamu lagi nggak baik-baik aja, nggak apa-apa. Kita semua pasti pernah mengalami momen yang sama dalam wujud yang berbeda-beda. Tetap bantu diri sendiri ya Sahabat...

#SelfReminder #SahabatGanjar #Ganjar #GanjarPranowo #Milenial https://t.co/4L22nSIZ0T",
https://twitter.com/IDSahabatGanjar,"How‚Äòs life, guys? Bebas berkeluh kesah di kolom komen üëá

ùôÑùô©‚Äôùô® ùô§ùô†ùôñùôÆ ùô©ùô§ ùô£ùô§ùô© ùôóùôö ùô§ùô†ùôñùôÆ ùôóùô™ùô© ùôûùô©'ùô® ùô£ùô§ùô© ùô§ùô†ùôñùôÆ ùô©ùô§ ùô®ùô©ùôñùôÆ ùô©ùôùùôñùô© ùô¨ùôñùôÆ..

#SelfReminder #SahabatGanjar #Ganjar #GanjarPranowo #Milenial https://t.co/RuIdQpTkpv",
https://twitter.com/WulungjagaNKRI,"Apapun masalah yg menyangkut Layanan Publik, silahkan lapor disini, LAPORGUB akan menyelesaikannya.
#GanjarPranowo 
#PrestasiGanjar 
#Gantari https://t.co/kPGR7cfOUc",
https://twitter.com/mamat7_6,@anitaaanugrah @ganjarpranowo pemimpin dengan penuh inovasi yg diciptakan,
https://twitter.com/mamat7_6,@xi157cm @ganjarpranowo semoga fasilitas seperti ini akan sangat membantu produktivitas warga,
https://twitter.com/Aprillia_MAN,"@ch_chotimah2 @ganjarpranowo https://t.co/s2j2S6A591

Tololl....buat sendiri..ngaku sendiri..SAMPAHHH",
https://twitter.com/mamat7_6,@yaellahboy @ganjarpranowo ini akan menjadi awal kenaikan ekonomi jawa tengah,
https://twitter.com/mamat7_6,@silvia_padila @ganjarpranowo semua ini dampak bagus dari lapak Ganjar,
https://twitter.com/Jokowi_is_me2,@RiaKeynou @ganjarpranowo kereeeen,
https://twitter.com/mamat7_6,@nurrohmah___ @ganjarpranowo salut banget sih pak ganjar selalu berusaha menggenjot perekonomian jawa tengah,
https://twitter.com/mamat7_6,@itsliatrd_ @ganjarpranowo yg diharapkan adalah dana itu benar2 difungsikan dengan benar,
https://twitter.com/mamat7_6,@ayydafryanti @ganjarpranowo gubernur cerdas seperti pak Ganjar punya banyak cara untuk antisipasi banjir,
https://twitter.com/bpktauchid,@NephiLaxmus @ganjarpranowo hasil 2 periode,
https://twitter.com/WulungjagaNKRI,"Melalui aplikasi LAPORGUB masyarakat Jateng dimudahkan dlm memperoleh pelayanan Publik. 
#PrestasiGanjar 
#GanjarPranowo 
#Gantari https://t.co/e4kOGREnwK",
https://twitter.com/mamat7_6,@RasSaaaaa @ganjarpranowo pak ganjar ini emang bener2 mendukung kesenian tradisional,
https://twitter.com/Paseban_99,"@ganjarpranowo Semarang, demak, kudus, pati, bijimana ?
ü§≠ü§≠ü§≠ü§≠...

Bicara boleh panjang,tapi sawah petani dipikir dong... https://t.co/nXOFLusr73",
https://twitter.com/3lyasGhofur,@_aerisunshine @ganjarpranowo @jokowi Sampai sekarang pantura pati-rembang tutup mas (macet total) üòÇ,"Place(id='a357913b65343401', fullName='Kragan, Indonesia', name='Kragan', type='city', country='Indonesia', countryCode='ID')"
https://twitter.com/IDSahabatGanjar,"Sosialisasi Pencegahan Pergaulan Bebas pada Remaja digelar Sahabat Ganjar bersama generasi muda di Kabupaten Bogor, Jawa Barat.

#SahabatGanjar #Ganjar #ganjarpranowo https://t.co/CFDS4jJWRB",
https://twitter.com/WulungjagaNKRI,"Bukti keseriusan Ganjar Pranowo dalam melayani Rakyat dengan aplikasi LAPORGUB
#GanjarPranowo 
#PrestasiGanjar 
#Gantari https://t.co/woAHaXomVH",
https://twitter.com/mickolv_idas,@ch_chotimah2 @ganjarpranowo https://t.co/YUQSPBKDQo,
https://twitter.com/AAldhiaz,@yusuf_dumdum Lalu klo banyak yg milih den @ganjarpranowo kenapa kalian pada khawatir sama @aniesbaswedan ...terus yg mencalonkan capres buat @ganjarpranowo partai apa..gtu aja kok klojotan..??,
https://twitter.com/dzaki4dzaki,"@ch_chotimah2 @ganjarpranowo Dasar ketularan dungu kau taik

https://t.co/3ninAbGKYN",
https://twitter.com/anitaaanugrah,"@ganjarpranowo menghadiri dan menjadi narasumber Gelar Inovasi Harmoni Nusantara, di UKSW Salatiga yang salah satunya membahas inovasi yang sejalan dengan konsep merdeka belajar #GanjarPranowo #GanjarRI1 https://t.co/QFOXlwvK4n",
https://twitter.com/WulungjagaNKRI,"Laporgub, Solusi Cerdas.
#PrestasiGanjar 
#GanjarPranowo https://t.co/fH4Z3g0pFm",
https://twitter.com/GanjaranApp,"Dana hibah yang diberikan, semoga dapat dikelola dengan baik serta dapat membantu masyarakat di Jawa Tengah.

#ganjaranapp #ganjarsiap #ganjarkita #ganjarpranowo #jateng #ganjarhebat #ganjar #ganjarforpresident2024 https://t.co/8f837JhuSP",
https://twitter.com/xi157cm,"Untuk meresmikan jalan tol semarang - demak, Jokowi pun datang ke Jawa Tengah dan disambut hangat oleh @ganjarpranowo, ini merupakan pertemuan 2 sosok yang sangat inspiratif #GanjarPranowo #GanjarRI1 https://t.co/9DMp7arlch",
https://twitter.com/WulungjagaNKRI,"Prestasi Ganjar untuk Rakyat Jateng oke banget.
#TuankuyaRakyat
#GanjarPranowo https://t.co/o4ro08fcR3",
https://twitter.com/masgosok,"Sugeng sonten pak @ganjarpranowo mohon izin lapor pak ini jalan di daerah Sukoharjo penghubung desa Gedangan-Kwarasan sudah cukup lama rusak dan tidak pernah ada perbaikan pak, sama kalo ke solo sekali kali lewat jalur Daleman - Baki Pak, banyak sekali lubang di jalanan paküôè https://t.co/Q7PdrWy2Lb",
https://twitter.com/yaellahboy,"Mantap!!! 
Selama 2 tahun berturut-turut, Jateng jadi penyalur KUR tertinggi di Indonesia loh, semua ini berkat @ganjarpranowo #GanjarPranowo #GanjarRI1 https://t.co/O9rZC7jyD7",
https://twitter.com/WulungjagaNKRI,"Angka yg tidak sedikit untuk pembangunan Infra Struktur, bukti Ganjar Pranowo berkomitmen menyejahterakan Rakyat.
#TuankuyaRakyat 
#PrestasiGanjar 
#GanjarPranowo https://t.co/xZ7863LWlv",
https://twitter.com/tony_xfantas,@NephiLaxmus @panca66 @ganjarpranowo ALLAHU AKBAR...,
https://twitter.com/silvia_padila,"Keren loh berkat lapak ganjar @ganjarpranowo , kerajinan blangkon asal barang  merambah ke pasar luar Jawa, hebat!!! #GanjarPranowo #GanjarRI1 https://t.co/v9HyV4Cz7H",
https://twitter.com/ferascorp,Pak @ganjarpranowo,
https://twitter.com/alexandreanov,@nurrohmah___ @ganjarpranowo Auto unFol..hahaha.. Anak buah penyuka bokep ternyata,
https://twitter.com/nurrohmah___,"Genjot ekonomi warga @ganjarpranowo beri bantuan sebesar Rp1, 7 Triliun untuk pembangunan fisik ataupun non fisik #GanjarPranowo #GanjarRI1 https://t.co/eusPXIGywf",
https://twitter.com/Emerald72063957,@ch_chotimah2 @ganjarpranowo Telllenn tuh nul GUUUUOOOBBLOOOK https://t.co/0CrlV2KAJS,
https://twitter.com/Paseban_99,"@ganjarpranowo ü§≠ü§≠ü§≠

@ganjarpranowo kiprahmu nol",
https://twitter.com/itsliatrd_,"Keren nih @ganjarpranowo bantu bangun desa, beliau menggulirkan Bankeuprov 2023 sebanyak Rp1, 7 Triliun loh #GanjarPranowo #GanjarRI1 https://t.co/zpLbgvH7hQ",
https://twitter.com/RealisticMan14,@ch_chotimah2 @ganjarpranowo Dungu akut..,
https://twitter.com/ayydafryanti,Untuk antisipasi banjir @ganjarpranowo instruksikan jajarannya untuk fokus perhatikan aspek lingkungan dan konservasi #GanjarPranowo #GanjarRI1 https://t.co/dn2CxhfnGg,
https://twitter.com/Rubenzra,@MurtadhaOne1 @Kemdikbud_RI Keren nih...@ganjarpranowo harus berkunjung kesini nih.,
https://twitter.com/RasSaaaaa,"Alhamdulillah berkat @ganjarpranowo yang memfasilitasi kesenian dan kebudayaan, warisan kita tetep jadi terjaga loh ges #GanjarPranowo #GanjarRI1 https://t.co/n5EApTL1Ss",
https://twitter.com/1ndonesiaku_,@Dwi_Ekaputri @ganjarpranowo #sahabatganjar #ganjarpranowo #ganjar,
https://twitter.com/aa_angon,@aan_muba @ganjarpranowo salut üëçüëç,
https://twitter.com/GanjarPranowoo,"Tingkatkan kualitas lulusan SMK üëç

#Ganjar #GanjarPranowo #RelawanGanjar #RelawanGanjarPranowo #JawaTengah #JatengGayeng #PakGanjar #MasGanjar #GanjarPresiden https://t.co/mdg4QCFK2v",
https://twitter.com/weloveganjar,"Idola semua kalangan ü•π

The Next President RI ü´°

Follow : @weloveganjar 

#Ganjar #GanjarPranowo #RelawanGanjar #RelawanGanjarPranowo #JawaTengah #JatengGayeng #PakGanjar #MasGanjar #GanjarPresiden https://t.co/RadbaZnLpb",
https://twitter.com/RajawaliIndo,"Undangan terbuka @_DeepPurple kepada Presiden Republik Indonesia Bapak @jokowi , Gubernur Jawa Tengah Bapak @ganjarpranowo , dan Walikota Solo Bapak @gibran_tweet , untuk menyaksikan secara langsung konser bersejarah Deep Purple ‚ÄúWorld Tour 2023‚Äù di Edutorium UMS Solo (10/3/2003) https://t.co/wxfZTpIp4o","Place(id='ea9809774c4145c3', fullName='Mlati, Indonesia', name='Mlati', type='city', country='Indonesia', countryCode='ID')"
https://twitter.com/1ndonesiaku_,@__RismaWidiono_ @ganjarpranowo #SahabatGanjar,
https://twitter.com/ZTWMakrifat,@sikodoksakit @ch_chotimah2 @ganjarpranowo hi hi hi emang babi dia,
https://twitter.com/bossbenkkel,"@NephiLaxmus @ganjarpranowo Woi ... woi ..  @Miduk17  coba kau bela dulu tuanmu ..itu.  
Biar tau..warganet.. yg paling tau..itu .Kau. 
Hatop...hatop ü§£ü§£",
https://twitter.com/joglonkrinew,@ch_chotimah2 @ganjarpranowo Wah sudah sampai bulan jalan nya,
https://twitter.com/JatengTV,(07) Kelebihan lainnya dari PT Peroangan adalah mendapatkan prioritas dalam mengakses berbagai program pemerintah yang dikhususkan untuk UMKM. #ptperorangan #badanhukum #badanusaha #ganjarpranowo #prabowo #aniesbaswedan #puanmaharani #pilpres2024 https://t.co/HRqCfZUnue,
https://twitter.com/IDSahabatGanjar,"Menangkan Total Hadiah senilai 14.500.000, Yuk langsung registrasi di: https://t.co/qGlAX7yzRQ

#SahabatGanjar #Ganjar #ganjarpranowo",
https://twitter.com/IDSahabatGanjar,"Halooo Mahasiswa/i, Turnamen Offline Mobile Legends SAGA Esports hadir di Kota Tangerang Selatan, Banten.

Turnamen Offline Mobile Legends SAGA Esports akan dilaksanakan pada hari Senin 20 Maret 2023. 

#SahabatGanjar #Ganjar #ganjarpranowo https://t.co/PDbugyezx1",
https://twitter.com/AhYpress,"@bumnbersatu @ganjarpranowo @aniesbaswedan Nama adalah ANIES BASWEDANO

tinggal tambah O dikit",
https://twitter.com/febriyan_id,"@tabitafi @ganjarpranowo @jokowi Betul.

#santrigayeng #santrigayengnusantara #gongaji",
https://twitter.com/ana_benhod,"@ch_chotimah2 @ganjarpranowo Mas Cenuuuul 
https://t.co/6wtQbOBCwu",
https://twitter.com/Cahyono_100,@NephiLaxmus @ganjarpranowo Tenimbang mlaku mlaku terus,
https://twitter.com/com2m,"Sudah beberapa hari ini dijalan Pantura, Juwana sampai Rembang macet parah...üôà

Mohon petugas yg dilapangan segera menangani kemacetan ini.

@ganjarpranowo https://t.co/iIZdb1Ilr6",
https://twitter.com/ana_benhod,"@ch_chotimah2 @ganjarpranowo Mas Cenul... 
mau tanya nih, yg batar langganan centang biru sapa, ayyyooo ? üòÅü§≠ https://t.co/OTf7Ba2cOu",
https://twitter.com/528ebc0d06004af,@ch_chotimah2 @ganjarpranowo Proyek pupr blok,
https://twitter.com/himura89517038,@ch_chotimah2 @ganjarpranowo Jalan mana yg di bangun cenul...??? 10rb km itu dari mana ke mana..? Halu...,
https://twitter.com/IDSahabatGanjar,"Kegiatan ini bertujuan untuk memberikan edukasi dan kesadaran tentang bahaya pergaulan bebas yang sering menjadi masalah di kalangan remaja.

#GanjarPranowo
#SahabatGanjar
#PestaRakyat
#JawaBarat https://t.co/gCRefTl32I",
https://twitter.com/IDSahabatGanjar,"Dalam kegiatan yang diikuti ratusan anak muda dan warga sekitar ini, hadir para ahli dan narasumber yang memberikan pemahaman tentang bahaya pergaulan bebas dan cara mencegahnya.

#GanjarPranowo
#SahabatGanjar
#PestaRakyat
#JawaBarat https://t.co/OFsAurRoX8",
https://twitter.com/Teloris212,"@ch_chotimah2 @ganjarpranowo Gedabrusss, wong jakarta sok sok an ngomongin Jateng, mrene dolan Nang gonku klo pengin liat show room sepanjang jalan Pantura ü§£ü§£",
https://twitter.com/aksarakeraguan,"@Vndp__ @blontankpoer @masjae_ @ganjarpranowo Dalan sepanjang ndalem kopi solo anyar, aku wira wiri lewat kono soale mbak",
https://twitter.com/atmojojomta,@HeriRi @ganjarpranowo Mediamu opo? Mediamu ora jelas,
https://twitter.com/RezaRendi6,"Pak di jalan arteri pati sampai rembang 
Bagaimana ya pak @ganjarpranowo @AriefRohman_838 apa nggak ada solusi pengalihan ke blora atau bagaimana pak

Minggu depan saya menikah pak, takutnya  nanti acaranya pada telat pak",
https://twitter.com/be4_GE,"@DavidSutarno2 @gayengco @ganjarpranowo @jokowi itung aja brp tol ngawi-solo -smg, dibanding tambahan solar selama macet, biaya makan, capek, muatan rusak, terlambat penyerahan barang, kerusakan kopling dan rem.","Place(id='05f4426d718ac456', fullName='Cepu, Indonesia', name='Cepu', type='city', country='Indonesia', countryCode='ID')"
https://twitter.com/futuristic889,"#ganjarpranowo kembali ""muncu' yang diakitkan dengan kasus e-ktp. Tahun #politik hangat https://t.co/zQcweznB9C via @weebly",
https://twitter.com/m_4r1_oslo,"@Stopletkol @ganjarpranowo Suruh lewat siniüòÖüòÖ
Bikin konten tak tik... https://t.co/vA2KgzNZNp",
https://twitter.com/JagoanN63511868,@DinitaAdinda paak Banjir Pranowo @ganjarpranowo llawak https://t.co/eaqfig3zX6,
https://twitter.com/PDAMKotaSMG,@adi0186 @ArdisiniLagi @hendrarprihadi @ganjarpranowo @humaspemkotsmg @sapambakita Bisa dibantu kelengkapan data akan kami bantu pengecekan secara sistem. Terima kasih,
https://twitter.com/futuristic889,"#ganjarpranowo kembali ""muncu' yang diakitkan dengan kasus e-ktp. Ada apa? https://t.co/zQcweznB9C via @weebly",
https://twitter.com/Lembayu66931990,"Pengecatan Perahu Nelayan dilakukan Sahabat Ganjar di Kabupaten Ogan Komering Ilir, Sumatera Selatan.

#SahabatGanjar #Ganjar #ganjarpranowo https://t.co/XC2qCxVq5T",
https://twitter.com/AgusSug73163688,@BosPurwa @ganjarpranowo Halah! Ok aja...,
https://twitter.com/JagoanN63511868,@MariniRamsih BANJIR PRANOWO ü§£üòù @ganjarpranowo,
https://twitter.com/Jelli_cent,"Makin maju desa makin makmur rakyatnya..üòâ

Itu knp Pak #GanjarPranowo memberikan perhatian lebih kpd pembangunan jalan desa di sluruh wilayah di Provinsi Jateng. 

Tercatat, dr periode 1-2 menjabat, total jalan yg sdh dibangun sepanjang 10.942 km.
Ini keren ya #sahabatganjar üëç https://t.co/6JUrHazQ24",
https://twitter.com/AzisrahmatR,@ganjarpranowo @jokowi Tidak kalah  hebat nya  kang emil dan kang abas,
https://twitter.com/GanjarKu_,"Proyek strategis nasional terbanyak ada di Jateng

https://t.co/ks0bgPMx7s

***Trending Twitter***
#ganjarpranowo | Ganjar Pranowo | #KawalDavid | Ini Twitter | Gubernur | Asuransi AIA | Sheila Dara | Gelora Buat Konser | Formula E | #TimnasDay | pika | Maret | Jam 5 | Sore https://t.co/RgDruFbwmO",
https://twitter.com/SyarihadaAkbar,@blontankpoer @ganjarpranowo Belum separah Jepara üòÄüòÄ,
https://twitter.com/SyarihadaAkbar,@Satriya1158 @blontankpoer @ganjarpranowo Halah... jalan jepara jalan propinsi hancur mase udah lapor bertahun tahun percuma gk ada tindakan...,
https://twitter.com/dinsosjateng,@LaporGub_ @muhtaza02 @ganjarpranowo monggo tertib administrasi kependudukan ketika pindah dan menetap ke daerah baru. penghapusan data dtks bisa mengajukan melalui kelurahan dimana dtks tersebut terdata.,
https://twitter.com/Emerald72063957,"@NephiLaxmus @ganjarpranowo Mohon bersabar, para Ganjaris OTW ke tkp. üôàüôàüôà",
https://twitter.com/Eleonor1_,@GanjaranApp @ganjarpranowo @hascreativeid Percaya sama pak ganjar mah,
https://twitter.com/Leigha1_,@GanjaranApp @ganjarpranowo @hascreativeid Semangat deh dukung ganjar,
https://twitter.com/Pamelia1_,@GanjaranApp @ganjarpranowo @hascreativeid Idenya pak ganjar itu yang terbaik,
https://twitter.com/Mihawkykn,@GanjaranApp @ganjarpranowo @hascreativeid Alhamdulillah gratis kalo pak ganjar yang jadi presiden,
https://twitter.com/Maegan1_,@GanjaranApp @ganjarpranowo Ganjar keren deh pokoknya,
https://twitter.com/Georgeni1_,@GanjaranApp @ganjarpranowo Dukung aja pak ganjar,
https://twitter.com/Asia1___,@GanjaranApp @ganjarpranowo Semangat ya pak ganjar,
https://twitter.com/Mihawkykn,@GanjaranApp @ganjarpranowo Wah semua juga pengen pak,
https://twitter.com/styudiantoro,"@wede_wd23 @pn7l7h @KemenPU @ganjarpranowo Purwodadi Solo juga itu, monggo para pejabat berwenang. 
Dari jaman saya masih sekolah sampai sekarang, ruas Pwd ke arah mana saja jauh lebih banyak parahnya. Menikmati jalan lumayan (bukan bagus ya üòÖ) nggak pernah lama. Jadi males kalau mau ke luar kota",
https://twitter.com/WiyogaPutuUtama,@ganjarpranowo Pak jalan jalan pada bolong tapi ndak di benerin benerin gimana pak???,
https://twitter.com/PuteraAsia,@TyoSade35337920 @ch_chotimah2 @ganjarpranowo CEBONG LAKNAT ASAL NGOMONG,
https://twitter.com/Jelli_cent,@NafthaR @ganjarpranowo bener bangett,
https://twitter.com/gayengco,@tabitafi @ganjarpranowo @jokowi Betul.,"Place(id='9f464e7836bfba89', fullName='Sarang, Indonesia', name='Sarang', type='city', country='Indonesia', countryCode='ID')"
https://twitter.com/Yha2n3,"@NephiLaxmus @ganjarpranowo Jln itu ada jln daerah,provinsi dan negara,tanggung jawab siapa dulu jln yg rusak itu",
https://twitter.com/sahabatganjar,"Menangkan Total Hadiah senilai 14.500.000, Yuk langsung registrasi di: https://t.co/YwvHINjIeN

#SahabatGanjar #Ganjar #ganjarpranowo https://t.co/8maqDtklaG",
https://twitter.com/sahabatganjar,"Halooo Mahasiswa/i, Turnamen Offline Mobile Legends SAGA Esports hadir di Kota Tangerang Selatan, Banten.

Turnamen Offline Mobile Legends SAGA Esports akan dilaksanakan pada hari Senin 20 Maret 2023. 

#SahabatGanjar #Ganjar #ganjarpranowo https://t.co/2VWeWhWVG0",
https://twitter.com/AgusKos94637079,@ganjarpranowo Ya seperti Jateng TDK pernah ber hasil dari keterpurukan ekonomi daerahnya...karna di pimpin orang yg terlalu ambisius ..(tes kecerdasan),
https://twitter.com/Eleonor1_,@GanjaranApp @ganjarpranowo Udah pasti pak ganjar yang terbaik,
https://twitter.com/IDSahabatGanjar,"Acara ini bertujuan untuk memberikan pelatihan dan pengalaman baru bagi nelayan, serta meningkatkan kesadaran akan pentingnya menjaga kebersihan lingkungan sekitar.

#GanjarPranowo
#SahabatGanjar
#PestaRakyat
#SumateraSelatan https://t.co/k7CB3niW8X",
https://twitter.com/IDSahabatGanjar,"Kegiatan Pengecatan Perahu Nelayan yang diselenggarakan oleh Sahabat Ganjar di Kabupaten Ogan Komering Ilir, Sumatera Selatan, telah berhasil menyatukan ratusan nelayan dan warga sekitar dalam suatu kegiatan yang menggembirakan.

#GanjarPranowo
#SahabatGanjar
#PestaRakyat https://t.co/ZPopuSvOiz",
https://twitter.com/dikiseptianx8,@GanjaranApp @ganjarpranowo Pak Ganjar selalu ada untuk membuat inovasi agar masyarakat maju dan berkembang,
https://twitter.com/Lyndsay1_,@GanjaranApp @ganjarpranowo Kalian semua semangat deh ya,
https://twitter.com/Maegan1_,@GanjaranApp @ganjarpranowo Semangat ya pak ganjar,
https://twitter.com/Simbok_Dharmi,"Mendampingi Tugas Suami berkhidmat bagi umat, masyarakat &amp; Rakyat
Insya Allah, Bismillahirrahmanirrahim,
Calon Ibu Negara Atiqoh @ganjarpranowo
Kerudung hijau sebagai Warga Agamis
Kebaya merah sebagai Warga Nasionalis
@psi_id @RajaJuliAntoni @GunRomli @grace_nat @Giring_Ganesha https://t.co/cdqQ9tVq7u",
https://twitter.com/Georgeni1_,@GanjaranApp @ganjarpranowo Semoga dapet bantuan dari pak ganjar,
https://twitter.com/punggawabangsa,"#airlanggahartarto #GolkarIndonesia #fyp #foryoupage #capres #politik #pemilu #ekonomi #jokowi  #pemilu2024 #pilpres #pilpres2024 #aniesbaswedan #ganjarpranowo #viral #beritatiktok 
@airlangga_hrt @golkar_id https://t.co/uNiEAJp2S7",
https://twitter.com/dikiseptianx8,@GanjaranApp @ganjarpranowo Mantap semakin hari pak Ganjar berupaya menyatukan nusantara dengan menciptakan keharmonisan bernegara,
https://twitter.com/ridwan_banjari,@ch_chotimah2 @ganjarpranowo Bagaimana ceritanya Gubernur membangun jalan desa ......??,
https://twitter.com/Asia1___,@GanjaranApp @ganjarpranowo Kalian harus semangat pokoknya,
https://twitter.com/dikiseptianx8,@GanjaranApp @ganjarpranowo Pengaruh pak Ganjar sangat besar kini Jawa Tengah menempati peringkat A,
https://twitter.com/Daniella1__,@GanjaranApp @ganjarpranowo Tetep. Semangat dukung pak ganjar,
https://twitter.com/dikiseptianx8,@GanjaranApp @ganjarpranowo Program dari pak Ganjar sangat cemerlang dan pastinya berhasil dengan baik,
https://twitter.com/Tessa1__,@GanjaranApp @ganjarpranowo Ayo semangat deh bantu pak ganjar,
https://twitter.com/Leigha1_,@GanjaranApp @ganjarpranowo Pak ganjar pasti membantu deh,
https://twitter.com/nonamanisx9,@GanjaranApp @ganjarpranowo Sungguh kemajuan Jawa Tengah sangat terasa sejak dipimpin pak Ganjar Pranowo,
https://twitter.com/Pamelia1_,@GanjaranApp @ganjarpranowo Pokoknya semangat ya kalian,
https://twitter.com/Mihawkykn,@GanjaranApp @ganjarpranowo Nah kan banyak yang berharap sama pak ganjar,
https://twitter.com/Eleonor1_,@GanjaranApp @ganjarpranowo @Ganjarmilenial2 Udah pasti pak ganjar yang terbaik,
https://twitter.com/nonamanisx9,@GanjaranApp @ganjarpranowo Pak Ganjar selalu menjaga kerukunan dan persatuan bernegara dengan sifatnya yang gapyak,
https://twitter.com/Lyndsay1_,@GanjaranApp @ganjarpranowo @Ganjarmilenial2 Semangat ya pak ganjar mah,
https://twitter.com/IdhanHalid1,@bumnbersatu @jokowi @aniesbaswedan @ch_chotimah2 @Dennysiregar7 @KompasEkonomi @detikcom @prabowo @ganjarpranowo @LOVE_AG4EVER @yunartowijaya @CakTugiman Lanjutkan kepentinganmu,
https://twitter.com/nonamanisx9,@GanjaranApp @ganjarpranowo Kerja nyatanya pak Ganjar memang sangat totalitas dan tulus buat negara ini,
https://twitter.com/Maegan1_,@GanjaranApp @ganjarpranowo @Ganjarmilenial2 Yakin deh ganjar yang terbaik,
https://twitter.com/nonamanisx9,@GanjaranApp @ganjarpranowo Segala bentuk permasalahan di Indonesia selalu bisa dipecahkan oleh pak Ganjar Pranowo,
https://twitter.com/Mi9aWempy,"Simple... 
Tapi..,jlebb.. 

@ganjarpranowo https://t.co/oXCOvVrNlk",
https://twitter.com/Jarikmerahputih,"Duet Ganjar Erick Thohir pasti akan saling melengkapi satu sama lain. Keduanya adalah tokoh paling potensial untuk merayp suara masyarakat di Pilpres 2024.

#ganjarpranowo #erickthohir #ganjarerick2024 #relawanjarik https://t.co/4xofjGwsDP",
https://twitter.com/Georgeni1_,@GanjaranApp @ganjarpranowo @Ganjarmilenial2 Pak ganjar emang pantes jadi presiden,
https://twitter.com/MangPii4,@ch_chotimah2 @ganjarpranowo Jalan rusak parah https://t.co/yiGt1tjnDC,
